,disasterNumber,totalNumberIaApproved,totalAmountIhpApproved,totalAmountHaApproved,totalAmountOnaApproved,totalObligatedAmountCatAb,totalObligatedAmountCatC2g,paLoadDate,iaLoadDate
0,1258,,,,,,,,
1,1268,,,,,,,,
2,1241,,,,,,,,
3,1265,,,,,,,,
4,1247,,,,,,,,
5,1272,,,,,,,,
6,1243,,,,,,,,
7,1239,,,,,,,,
8,1278,,,,,,,,
9,1250,,,,,,,,
10,1275,,,,,,,,
11,1257,,,,,,,,
12,1285,,,,,,,,
13,1310,,,,,,,,
14,1335,,,,,,,,
15,1282,,,,,,,,
16,1256,,,,,,,,
17,1263,,,,,,,,
18,1273,,,,,,,,
19,1245,,,,,,,,
20,1270,,,,,,,,
21,1252,,,,,,,,
22,1277,,,,,,,,
23,1305,,,,,,,,
24,1248,,,,,,,,
25,1244,,,,,,,,
26,1283,,,,,,,,
27,1255,,,,,,,,
28,1280,,,,,,,,
29,1262,,,,,,,,
30,1290,,,,,,,,
31,1315,,,,,,,,
32,1340,,,,,,,,
33,1287,,,,,,,,
34,1261,,,,,,,,
35,1253,,,,,,,,
36,1249,,,,,,,,
37,1288,,,,,,,,
38,1260,,,,,,,,
39,1240,,,,,,,,
40,1267,,,,,,,,
41,1295,,,,,,,,
42,1320,,,,,,,,
43,1345,,,,,,,,
44,1242,,,,,,,,
45,1266,,,,,,,,
46,1380,,,,,,,,
47,1302,,,,,,,,
48,1327,,,,,,,,
49,1352,,,,,,,,
50,1377,,,,,,,,
51,1402,,,,,,,,
52,1427,,,,,,,,
53,1313,,,,,,,,
54,1338,,,,,,,,
55,1363,,,,,,,,
56,1370,,,,,,,,
57,1330,,,,,,,,
58,1292,,,,,,,,
59,1355,,,,,,,,
60,1251,,,,,,,,
61,1317,,,,,,,,
62,1365,,,,,,,,
63,1342,,,,,,,,
64,1367,,,,,,,,
65,1300,,,,,,,,
66,1392,,,,,,,,
67,1325,,,,,,,,
68,1417,,,,,,,,
69,1350,,,,,,,,
70,1303,,,,,,,,
71,1246,,,,,,,,
72,1328,,,,,,,,
73,1360,,,,,,,,
74,1353,,,,,,,,
75,1385,,,,,,,,
76,1307,,,,,,,,
77,1332,,,,,,,,
78,1357,,,,,,,,
79,1382,,,,,,,,
80,1407,,,,,,,,
81,1293,,,,,,,,
82,1375,,,,,,,,
83,1318,,,,,,,,
84,1297,,,,,,,,
85,1390,,,,,,,,
86,1322,,,,,,,,
87,1312,,,,,,,,
88,1347,,,,,,,,
89,1337,,,,,,,,
90,1372,,,,,,,,
91,1362,,,,,,,,
92,1397,,,,,,,,
93,1387,,,,,,,,
94,1422,,,,,,,,
95,1412,,,,,,,,
96,1308,,,,,,,,
97,1298,,,,,,,,
98,1333,,,,,,,,
99,1323,,,,,,,,
100,1358,,,,,,,,
101,1348,,,,,,,,
102,1343,,,,,,,,
103,1368,,,,,,,,
104,1395,,,,,,,,
105,1405,,,,,,,,
106,1420,,,,,,,,
107,1430,,,,,,,,
108,1378,,,,,,,,
109,1388,,,,,,,,
110,1403,,,,,,,,
111,1413,,,,,,,,
112,1428,,,,,,,,
113,1438,,,,,,,,
114,1400,,,,,,,,
115,1274,,,,,,,,
116,1425,,,,,,,,
117,1299,,,,,,,,
118,1383,,,,,,,,
119,1324,,,,,,,,
120,1349,,,,,,,,
121,1408,,,,,,,,
122,1374,,,,,,,,
123,1433,,,,,,,,
124,1399,,,,,,,,
125,1269,,,,,,,,
126,1281,,,,,,,,
127,1294,,,,,,,,
128,1306,,,,,,,,
129,1319,,,,,,,,
130,1331,,,,,,,,
131,1344,,,,,,,,
132,1356,,,,,,,,
133,1369,,,,,,,,
134,1381,,,,,,,,
135,1394,,,,,,,,
136,1406,,,,,,,,
137,1276,,,,,,,,
138,1431,,,,,,,,
139,1301,,,,,,,,
140,1326,,,,,,,,
141,1264,,,,,,,,
142,1410,,,,,,,,
143,1289,,,,,,,,
144,1435,,,,,,,,
145,1314,,,,,,,,
146,1393,,,,,,,,
147,1339,,,,,,,,
148,1418,,,,,,,,
149,1364,,,,,,,,
150,1254,,,,,,,,
151,1389,,,,,,,,
152,1279,,,,,,,,
153,1271,,,,,,,,
154,1304,,,,,,,,
155,1296,,,,,,,,
156,1329,,,,,,,,
157,1321,,,,,,,,
158,1346,,,,,,,,
159,1354,,,,,,,,
160,1371,,,,,,,,
161,1396,,,,,,,,
162,1415,,,,,,,,
163,1421,,,,,,,,
164,1373,,,,,,,,
165,1419,,,,,,,,
166,1398,,,,,,,,
167,1432,,,,,,,,
168,1423,,,,,,,,
169,1259,,,,,,,,
170,1284,,,,,,,,
171,1429,,,,,,,,
172,1309,,,,,,,,
173,1379,,,,,,,,
174,1334,,,,,,,,
175,1404,,,,,,,,
176,1359,,,,,,,,
177,1286,,,,,,,,
178,1384,,,,,,,,
179,1311,,,,,,,,
180,1409,,,,,,,,
181,1336,,,,,,,,
182,1291,,,,,,,,
183,1361,,,,,,,,
184,1316,,,,,,,,
185,1386,,,,,,,,
186,1341,,,,,,,,
187,1411,,,,,,,,
188,1366,,,,,,,,
189,1436,,,,,,,,
190,1391,,,,,,,,
191,1416,,,,,,,,
192,1434,,,,,,,,
193,1414,,,,,,,,
194,1439,19827.0,57974742.1,31700420.63,26274321.47,,,,2019-09-03T00:00:00.000Z
195,1351,,,,,,,,
196,1376,,,,,,,,
197,1401,,,,,,,,
198,1426,,,,,,,,
199,1424,,,,,,,,
200,1437,,,,,,,,
201,1443,555.0,2028548.78,640454.36,1388094.42,,,,2019-09-03T00:00:00.000Z
202,1465,935.0,2305722.55,1229822.49,1075900.06,,,,2019-09-03T00:00:00.000Z
203,1450,,,,,,,,
204,1460,6659.0,14538920.62,3835447.42,10703473.2,,,,2019-09-03T00:00:00.000Z
205,1485,1155.0,2965355.19,2462966.1,502389.09,,,,2019-09-03T00:00:00.000Z
206,1441,412.0,1880461.2,741924.97,1138536.23,,,,2019-09-03T00:00:00.000Z
207,1453,1559.0,2609145.45,1614171.25,994974.2,,,,2019-09-03T00:00:00.000Z
208,1475,2558.0,6621705.06,4682638.07,1939066.99,,,,2019-09-03T00:00:00.000Z
209,1454,3451.0,9369739.03,6856715.41,2513023.62,,,,2019-09-03T00:00:00.000Z
210,1479,8552.0,20213296.06,11924830.34,8288465.72,,,,2019-09-03T00:00:00.000Z
211,1451,,,,,,,,
212,1476,4409.0,13386838.38,9783608.01,3603230.37,,,,2019-09-03T00:00:00.000Z
213,1444,127.0,579893.02,297240.48,282652.54,,,,2019-09-03T00:00:00.000Z
214,1469,449.0,1644357.98,787056.7,857301.28,,,,2019-09-03T00:00:00.000Z
215,1440,272.0,470371.72,376188.66,94183.06,,,,2019-09-03T00:00:00.000Z
216,1466,23660.0,50014084.62,22764616.08,27249468.54,,,,2019-09-03T00:00:00.000Z
217,1464,5956.0,22160601.08,9065299.34,13095301.74,,,,2019-09-03T00:00:00.000Z
218,1489,,,,,,,,
219,1461,346.0,789831.28,599410.0,190421.28,,,,2019-09-03T00:00:00.000Z
220,1448,,,,,,,,
221,1445,199.0,509173.67,461070.95,48102.72,,,,2019-09-03T00:00:00.000Z
222,1470,124.0,740552.45,390852.02,349700.43,,,,2019-09-03T00:00:00.000Z
223,1455,2200.0,5431111.2,4371300.36,1059810.84,,,,2019-09-03T00:00:00.000Z
224,1449,,,,,,,,
225,1480,,,,,,,,
226,1474,3559.0,10877948.83,8093288.65,2784660.18,,,,2019-09-03T00:00:00.000Z
227,1459,9408.0,18270709.28,7651000.29,10619708.99,,,,2019-09-03T00:00:00.000Z
228,1446,20699.0,125463060.64,43407641.42,82055419.22,,,,2019-09-03T00:00:00.000Z
229,1484,46108.0,74778371.61,36715451.25,38062920.36,,,,2019-09-03T00:00:00.000Z
230,1456,,,,,,,,
231,1471,1123.0,4108811.57,2808922.31,1299889.26,,,,2019-09-03T00:00:00.000Z
232,1481,,,,,,,,
233,1494,344.0,1459279.09,1015627.62,443651.47,,,,2019-09-03T00:00:00.000Z
234,1519,15716.0,19193921.3,13999401.04,5194520.26,,,,2019-09-03T00:00:00.000Z
235,1499,700.0,2735259.91,1660130.53,1075129.38,,,,2019-09-03T00:00:00.000Z
236,1486,901.0,1792438.3,1551072.1,241366.2,,,,2019-09-03T00:00:00.000Z
237,1524,573.0,1396915.31,1044648.29,352267.02,,,,2019-09-03T00:00:00.000Z
238,1511,1768.0,8112928.87,6374506.02,1738422.85,,,,2019-09-03T00:00:00.000Z
239,1491,29177.0,57048028.63,33948484.29,23099544.34,,,,2019-09-03T00:00:00.000Z
240,1536,507.0,1465037.44,1360295.78,104741.66,,,,2019-09-03T00:00:00.000Z
241,1516,,,,,,,,
242,1458,849.0,2242480.28,1213932.96,1028547.32,,,,2019-09-03T00:00:00.000Z
243,1541,3980.0,13836392.68,9147550.58,4688842.1,,,,2019-09-03T00:00:00.000Z
244,1483,,,,,,,,
245,1463,2423.0,8779157.72,4444964.35,4334193.37,,,,2019-09-03T00:00:00.000Z
246,1508,,,,,,,,
247,1488,,,,,,,,
248,1505,3415.0,8134432.06,7834700.93,299731.13,,,,2019-09-03T00:00:00.000Z
249,1513,273.0,749315.3,493902.39,255412.91,,,,2019-09-03T00:00:00.000Z
250,1530,4156.0,9640959.42,7850466.61,1790492.81,,,,2019-09-03T00:00:00.000Z
251,1510,,,,,,,,
252,1555,953.0,3439214.02,2499993.13,939220.89,,,,2019-09-03T00:00:00.000Z
253,1457,,,,,,,,
254,1504,,,,,,,,
255,1482,19150.0,20592021.41,5813443.59,14778577.82,,,,2019-09-03T00:00:00.000Z
256,1529,,,,,,,,
257,1509,,,,,,,,
258,1496,,,,,,,,
259,1534,,,,,,,,
260,1521,4176.0,5900558.36,3293656.58,2606901.78,,,,2019-09-03T00:00:00.000Z
261,1501,41875.0,58083771.07,16977312.0,41106459.07,,,,2019-09-03T00:00:00.000Z
262,1526,3880.0,6568870.2,5100075.05,1468795.15,,,,2019-09-03T00:00:00.000Z
263,1535,,,,,,,,
264,1551,79390.0,164517307.53,77889008.09,86628299.44,,,,2019-09-03T00:00:00.000Z
265,1560,,,,,,,,
266,1473,4499.0,9679012.66,4961914.5,4717098.16,,,,2019-09-03T00:00:00.000Z
267,1462,518.0,2518800.62,1530744.62,988056.0,,,,2019-09-03T00:00:00.000Z
268,1487,2972.0,8231038.84,6576154.9,1654883.94,,,,2019-09-03T00:00:00.000Z
269,1498,10588.0,33842082.4,9327997.51,24514084.89,,,,2019-09-03T00:00:00.000Z
270,1495,1.0,1756.2,1756.2,,,,,2019-09-03T00:00:00.000Z
271,1520,2432.0,5034664.25,3517498.8,1517165.45,,,,2019-09-03T00:00:00.000Z
272,1545,229577.0,411815685.98,192014228.39,219801457.59,,,,2019-09-03T00:00:00.000Z
273,1447,559.0,3682703.79,1438319.22,2244384.57,,,,2019-09-03T00:00:00.000Z
274,1472,3219.0,7297676.37,2955622.13,4342054.24,,,,2019-09-03T00:00:00.000Z
275,1514,,,,,,,,
276,1539,116769.0,208970753.97,91728356.27,117242397.7,,,,2019-09-03T00:00:00.000Z
277,1506,8084.0,25921601.38,11710373.75,14211227.63,,,,2019-09-03T00:00:00.000Z
278,1531,,,,,,,,
279,1556,6124.0,23662227.18,13809310.51,9852916.67,,,,2019-09-03T00:00:00.000Z
280,1546,7790.0,21289503.58,12088046.88,9201456.7,,,,2019-09-03T00:00:00.000Z
281,1478,758.0,1980992.81,1468511.02,512481.79,,,,2019-09-03T00:00:00.000Z
282,1468,,,,,,,,
283,1503,,,,,,,,
284,1493,701.0,953918.36,665156.56,288761.8,,,,2019-09-03T00:00:00.000Z
285,1500,5885.0,21655767.21,15159911.68,6495855.53,,,,2019-09-03T00:00:00.000Z
286,1490,25950.0,45380866.63,23122365.52,22258501.11,,,,2019-09-03T00:00:00.000Z
287,1525,694.0,1558980.89,1279215.12,279765.77,,,,2019-09-03T00:00:00.000Z
288,1515,,,,,,,,
289,1550,4531.0,8514432.84,6200742.72,2313690.12,,,,2019-09-03T00:00:00.000Z
290,1540,,,,,,,,
291,1452,,,,,,,,
292,1442,530.0,3306085.11,1546858.08,1759227.03,,,,2019-09-03T00:00:00.000Z
293,1477,,,,,,,,
294,1467,14864.0,25872687.19,6302770.87,19569916.32,,,,2019-09-03T00:00:00.000Z
295,1492,8691.0,33051507.87,23148436.23,9903071.64,,,,2019-09-03T00:00:00.000Z
296,1544,3296.0,9262094.78,6458352.78,2803742.0,,,,2019-09-03T00:00:00.000Z
297,1554,1305.0,4243819.01,2991644.47,1252174.54,,,,2019-09-03T00:00:00.000Z
298,1569,1363.0,4210930.22,3076879.4,1134050.82,,,,2019-09-03T00:00:00.000Z
299,1579,,,,,,,,
300,1571,,,,,,,,
301,1581,,,,,,,,
302,1528,,,,,,,,
303,1570,661.0,2275380.47,1479351.47,796029.0,,,,2019-09-03T00:00:00.000Z
304,1497,267.0,1009837.0,635579.11,374257.89,,,,2019-09-03T00:00:00.000Z
305,1507,507.0,1238534.8,986202.99,252331.81,,,,2019-09-03T00:00:00.000Z
306,1522,6234.0,19563069.34,14778111.19,4784958.15,,,,2019-09-03T00:00:00.000Z
307,1532,,,,,,,,
308,1547,,,,,,,,
309,1557,25102.0,86766316.64,58004959.82,28761356.82,,,,2019-09-03T00:00:00.000Z
310,1572,,,,,,,,
311,1564,2198.0,2883537.86,1738636.54,1144901.32,,,,2019-09-03T00:00:00.000Z
312,1559,,,,,,,,
313,1566,4399.0,7240598.76,5778026.85,1462571.91,,,,2019-09-03T00:00:00.000Z
314,1561,180826.0,398620293.65,199814423.84,198805869.81,,,,2019-09-03T00:00:00.000Z
315,1523,6750.0,21878709.14,14568555.25,7310153.89,,,,2019-09-03T00:00:00.000Z
316,1580,8205.0,10017388.91,4306096.86,5711292.05,,,,2019-09-03T00:00:00.000Z
317,1518,3112.0,6190448.7,5034199.56,1156249.14,,,,2019-09-03T00:00:00.000Z
318,1517,392.0,829908.94,485999.91,343909.03,,,,2019-09-03T00:00:00.000Z
319,1575,,,,,,,,
320,1542,,,,,,,,
321,1512,1584.0,2728345.06,2479114.65,249230.41,,,,2019-09-03T00:00:00.000Z
322,1567,,,,,,,,
323,1537,,,,,,,,
324,1562,,,,,,,,
325,1549,89231.0,190193142.59,113359261.47,76833881.12,,,,2019-09-03T00:00:00.000Z
326,1574,,,,,,,,
327,1576,,,,,,,,
328,1565,536.0,1612140.93,1228390.3,383750.63,,,,2019-09-03T00:00:00.000Z
329,1502,487.0,1220484.27,970511.05,249973.22,,,,2019-09-03T00:00:00.000Z
330,1527,35693.0,41314005.89,26912181.7,14401824.19,,,,2019-09-03T00:00:00.000Z
331,1552,159978.0,416500859.48,118993520.93,297507338.55,,,,2019-09-03T00:00:00.000Z
332,1577,10913.0,21484255.07,15066521.04,6417734.03,,,,2019-09-03T00:00:00.000Z
333,1543,,,,,,,,
334,1533,,,,,,,,
335,1568,,,,,,,,
336,1558,4835.0,19308118.5,11920902.36,7387216.14,,,,2019-09-03T00:00:00.000Z
337,1548,3043.0,4252022.77,2779944.79,1472077.98,,,,2019-09-03T00:00:00.000Z
338,1538,6001.0,9961967.69,7947412.69,2014555.0,,,,2019-09-03T00:00:00.000Z
339,1573,9713.0,12352135.45,5247474.19,7104661.26,,,,2019-09-03T00:00:00.000Z
340,1563,457.0,1785198.18,1401112.39,384085.79,,,,2019-09-03T00:00:00.000Z
341,1553,4010.0,13371728.21,10026877.07,3344851.14,,,,2019-09-03T00:00:00.000Z
342,1578,,,,,,,,
343,1582,358.0,2507569.84,1151270.77,1356299.07,,,,2019-09-03T00:00:00.000Z
344,1584,,,,,,,,
345,1612,244.0,885607.65,305110.65,580497.0,,,,2019-09-03T00:00:00.000Z
346,1599,77.0,474304.46,284815.63,189488.83,,,,2019-09-03T00:00:00.000Z
347,1607,177538.0,523284650.26,417487431.21,105797219.05,,,,2019-09-03T00:00:00.000Z
348,1594,,,,,,,,
349,1583,,,,,,,,
350,1597,,,,,,,,
351,1622,,,,,,,,
352,1609,227320.0,342239388.43,150773551.02,191465837.41,,,,2019-09-03T00:00:00.000Z
353,1587,1496.0,3869721.15,3227036.68,642684.47,,,,2019-09-03T00:00:00.000Z
354,1602,,,,,,,,
355,1589,2055.0,8072710.16,5099512.15,2973198.01,,,,2019-09-03T00:00:00.000Z
356,1614,1526.0,3640862.23,3069838.57,571023.66,,,,2019-09-03T00:00:00.000Z
357,1592,,,,,,,,
358,1617,109.0,459715.15,229744.12,229971.03,,,,2019-09-03T00:00:00.000Z
359,1604,274488.0,1293717474.49,875826174.58,417891299.91,,,,2019-09-03T00:00:00.000Z
360,1627,,,,,,,,
361,1653,325.0,542186.19,431234.49,110951.7,,,,2019-09-03T00:00:00.000Z
362,1678,,,,,,,,
363,1643,4418.0,8999191.49,8194081.13,805110.36,,,,2019-09-03T00:00:00.000Z
364,1703,,,,,,,,
365,1668,1753.0,6102556.19,5396714.93,705841.26,,,,2019-09-03T00:00:00.000Z
366,1640,214.0,627043.17,527647.9,99395.27,,,,2019-09-03T00:00:00.000Z
367,1693,1186.0,1996983.07,1834542.4,162440.67,,,,2019-09-03T00:00:00.000Z
368,1603,737609.0,5247169458.98,3745182194.99,1501987263.99,,,,2019-09-03T00:00:00.000Z
369,1629,,,,,,,,
370,1593,4468.0,4457183.03,2100996.87,2356186.16,,,,2019-09-03T00:00:00.000Z
371,1628,2158.0,7031442.71,5331007.59,1700435.12,,,,2019-09-03T00:00:00.000Z
372,1618,,,,,,,,
373,1632,,,,,,,,
374,1648,,,,,,,,
375,1673,,,,,,,,
376,1698,,,,,,,,
377,1634,399.0,1597672.53,818504.04,779168.49,,,,2019-09-03T00:00:00.000Z
378,1598,,,,,,,,
379,1623,196.0,2170143.29,1248362.22,921781.07,,,,2019-09-03T00:00:00.000Z
380,1637,53.0,215839.32,170580.92,45258.4,,,,2019-09-03T00:00:00.000Z
381,1663,,,,,,,,
382,1688,,,,,,,,
383,1624,164.0,1657653.02,805363.38,852289.64,,,,2019-09-03T00:00:00.000Z
384,1588,1011.0,2514186.68,1782783.76,731402.92,,,,2019-09-03T00:00:00.000Z
385,1613,,,,,,,,
386,1638,,,,,,,,
387,1658,1972.0,4604303.23,3601405.13,1002898.1,,,,2019-09-03T00:00:00.000Z
388,1683,,,,,,,,
389,1619,,,,,,,,
390,1645,,,,,,,,
391,1608,,,,,,,,
392,1633,515.0,1067253.81,632984.92,434268.89,,,,2019-09-03T00:00:00.000Z
393,1713,,,,,,,,
394,1718,1200.0,5648799.17,4579273.47,1069525.7,,,,2019-09-03T00:00:00.000Z
395,1655,,,,,,,,
396,1660,,,,,,,,
397,1680,132.0,943028.88,798183.02,144845.86,,,,2019-09-03T00:00:00.000Z
398,1685,268.0,862378.0,699848.72,162529.28,,,,2019-09-03T00:00:00.000Z
399,1710,,,,,,,,
400,1705,979.0,2518434.46,2301656.2,216778.26,,,,2019-09-03T00:00:00.000Z
401,1730,767.0,4461751.16,3627169.48,834581.68,,,,2019-09-03T00:00:00.000Z
402,1735,,,,,,,,
403,1659,570.0,1734450.72,1077205.11,657245.61,,,,2019-09-03T00:00:00.000Z
404,1723,,,,,,,,
405,1684,,,,,,,,
406,1709,6103.0,25681950.62,20738900.84,4943049.78,,,,2019-09-03T00:00:00.000Z
407,1665,8173.0,9121209.04,6373884.58,2747324.46,,,,2019-09-03T00:00:00.000Z
408,1734,4020.0,21160441.15,17930951.94,3229489.21,,,,2019-09-03T00:00:00.000Z
409,1690,201.0,916208.97,706944.53,209264.44,,,,2019-09-03T00:00:00.000Z
410,1605,55830.0,128278244.61,90412186.66,37866057.95,,,,2019-09-03T00:00:00.000Z
411,1715,,,,,,,,
412,1630,,,,,,,,
413,1644,581.0,1013205.06,934193.09,79011.97,,,,2019-09-03T00:00:00.000Z
414,1656,4015.0,9412548.07,8152005.28,1260542.79,,,,2019-09-03T00:00:00.000Z
415,1669,,,,,,,,
416,1681,,,,,,,,
417,1694,9850.0,18821508.61,15919488.9,2902019.71,,,,2019-09-03T00:00:00.000Z
418,1706,,,,,,,,
419,1719,3027.0,8012383.98,7512653.08,499730.9,,,,2019-09-03T00:00:00.000Z
420,1731,2016.0,14938068.56,10900944.96,4037123.6,,,,2019-09-03T00:00:00.000Z
421,1590,,,,,,,,
422,1601,,,,,,,,
423,1615,,,,,,,,
424,1641,,,,,,,,
425,1666,,,,,,,,
426,1691,,,,,,,,
427,1716,,,,,,,,
428,1586,,,,,,,,
429,1708,572.0,2428002.26,2213415.22,214587.04,,,,2019-09-03T00:00:00.000Z
430,1650,9309.0,31528398.09,24766553.19,6761844.9,,,,2019-09-03T00:00:00.000Z
431,1675,,,,,,,,
432,1700,1443.0,2613838.46,2492287.94,121550.52,,,,2019-09-03T00:00:00.000Z
433,1725,,,,,,,,
434,1654,,,,,,,,
435,1679,531.0,3655288.86,3024688.43,630600.43,,,,2019-09-03T00:00:00.000Z
436,1728,,,,,,,,
437,1704,,,,,,,,
438,1670,937.0,2979765.22,2744484.82,235280.4,,,,2019-09-03T00:00:00.000Z
439,1729,1499.0,4468107.41,4026708.01,441399.4,,,,2019-09-03T00:00:00.000Z
440,1695,1202.0,3509042.32,3208483.04,300559.28,,,,2019-09-03T00:00:00.000Z
441,1664,2635.0,9498514.38,9442754.21,55760.17,,,,2019-09-03T00:00:00.000Z
442,1720,5495.0,18462462.78,15067072.08,3395390.7,,,,2019-09-03T00:00:00.000Z
443,1689,,,,,,,,
444,1649,8144.0,20691866.81,17761717.66,2930149.15,,,,2019-09-03T00:00:00.000Z
445,1714,,,,,,,,
446,1585,,,,,,,,
447,1674,,,,,,,,
448,1610,379.0,1102655.35,899448.72,203206.63,,,,2019-09-03T00:00:00.000Z
449,1699,2777.0,9846774.22,8178988.91,1667785.31,,,,2019-09-03T00:00:00.000Z
450,1635,756.0,2611696.48,1480688.19,1131008.29,,,,2019-09-03T00:00:00.000Z
451,1724,2000.0,5101498.73,4314722.41,786776.32,,,,2019-09-03T00:00:00.000Z
452,1661,,,,,,,,
453,1595,21150.0,21564056.01,6644116.97,14919939.04,,,,2019-09-03T00:00:00.000Z
454,1686,313.0,1354036.12,906501.94,447534.18,,,,2019-09-03T00:00:00.000Z
455,1620,,,,,,,,
456,1711,2272.0,18925702.89,15020214.63,3905488.26,,,,2019-09-03T00:00:00.000Z
457,1646,,,,,,,,
458,1736,,,,,,,,
459,1600,,,,,,,,
460,1671,1012.0,5388213.23,4388471.79,999741.44,,,,2019-09-03T00:00:00.000Z
461,1625,,,,,,,,
462,1696,,,,,,,,
463,1651,5790.0,8830355.16,7477482.29,1352872.87,,,,2019-09-03T00:00:00.000Z
464,1721,,,,,,,,
465,1676,,,,,,,,
466,1591,,,,,,,,
467,1701,,,,,,,,
468,1726,58.0,432005.4,306633.18,125372.22,,,,2019-09-03T00:00:00.000Z
469,1596,,,,,,,,
470,1611,,,,,,,,
471,1616,,,,,,,,
472,1636,346.0,1230390.88,755400.93,474989.95,,,,2019-09-03T00:00:00.000Z
473,1642,8234.0,18613563.29,16757185.29,1856378.0,,,,2019-09-03T00:00:00.000Z
474,1662,4211.0,12105107.36,11102170.39,1002936.97,,,,2019-09-03T00:00:00.000Z
475,1667,,,,,,,,
476,1687,352.0,1669966.27,1176166.5,493799.77,,,,2019-09-03T00:00:00.000Z
477,1712,2130.0,10969558.71,9226623.3,1742935.41,,,,2019-09-03T00:00:00.000Z
478,1621,,,,,,,,
479,1647,,,,,,,,
480,1606,252022.0,618379758.99,523188508.49,95191250.5,,,,2019-09-03T00:00:00.000Z
481,1672,,,,,,,,
482,1697,643.0,4865458.46,4068758.21,796700.25,,,,2019-09-03T00:00:00.000Z
483,1631,441.0,1587654.75,964476.46,623178.29,,,,2019-09-03T00:00:00.000Z
484,1722,557.0,1658875.8,1436946.52,221929.28,,,,2019-09-03T00:00:00.000Z
485,1657,,,,,,,,
486,1682,,,,,,,,
487,1707,,,,,,,,
488,1732,2999.0,4922508.64,4122801.46,799707.18,,,,2019-09-03T00:00:00.000Z
489,1692,5215.0,12307474.22,11097850.83,1209623.39,,,,2019-09-03T00:00:00.000Z
490,1733,1059.0,6402583.39,5427021.71,975561.68,,,,2019-09-03T00:00:00.000Z
491,1717,3853.0,19808888.8,18218886.8,1590002.0,,,,2019-09-03T00:00:00.000Z
492,1626,,,,,,,,
493,1652,,,,,,,,
494,1677,,,,,,,,
495,1702,3415.0,6932866.4,6347786.57,585079.83,,,,2019-09-03T00:00:00.000Z
496,1727,,,,,,,,
497,1747,917.0,4800659.42,3951572.59,849086.83,,,,2019-09-03T00:00:00.000Z
498,1742,,,,,,,,
499,1737,,,,,,,,
500,1745,730.0,4069837.78,2771174.97,1298662.81,,,,2019-09-03T00:00:00.000Z
501,1767,,,,,,,,
502,1755,263.0,1261470.96,1093134.16,168336.8,,,,2019-09-03T00:00:00.000Z
503,1751,3200.0,11670465.18,10030933.28,1639531.9,,,,2019-09-03T00:00:00.000Z
504,1752,,,,,,,,
505,1757,,,,,,,,
506,1777,,,,,,,,
507,1782,,,,,,,,
508,1765,,,,,,,,
509,1741,,,,,,,,
510,1761,1002.0,2458564.0,1897324.21,561239.79,,,,2019-09-03T00:00:00.000Z
511,1766,10278.0,56449366.63,47181025.55,9268341.08,,,,2019-09-03T00:00:00.000Z
512,1740,1995.0,7674152.07,6753112.89,921039.18,,,,2019-09-03T00:00:00.000Z
513,1762,134.0,419744.26,172931.52,246812.74,,,,2019-09-03T00:00:00.000Z
514,1787,,,,,,,,
515,1746,210.0,1466605.44,1198433.35,268172.09,,,,2019-09-03T00:00:00.000Z
516,1792,12278.0,63878324.09,54137482.22,9740841.87,,,,2019-09-03T00:00:00.000Z
517,1817,2059.0,9506708.04,8474203.73,1032504.31,,,,2019-09-03T00:00:00.000Z
518,1842,1284.0,6501748.46,5943688.23,558060.23,,,,2019-09-03T00:00:00.000Z
519,1771,1752.0,10024142.17,8979826.09,1044316.08,,,,2019-09-03T00:00:00.000Z
520,1796,,,,,,,,
521,1821,,,,,,,,
522,1846,115.0,2055904.84,1798705.32,257199.52,,,,2019-09-03T00:00:00.000Z
523,1807,,,,,,,,
524,1812,,,,,,,,
525,1832,977.0,2961606.39,2685781.9,275824.49,,,,2019-09-03T00:00:00.000Z
526,1837,,,,,,,,
527,1857,927.0,4626437.19,4297309.99,329127.2,,,,2019-09-03T00:00:00.000Z
528,1862,,,,,,,,
529,1786,71206.0,216888044.03,165776649.38,51111394.65,,,,2019-09-03T00:00:00.000Z
530,1791,121641.0,531866266.34,412559078.82,119307187.52,,,,2019-09-03T00:00:00.000Z
531,1811,,,,,,,,
532,1816,,,,,,,,
533,1836,,,,,,,,
534,1841,3176.0,15106854.42,13370790.11,1736064.31,,,,2019-09-03T00:00:00.000Z
535,1797,,,,,,,,
536,1750,369.0,1345162.7,1061095.33,284067.37,,,,2019-09-03T00:00:00.000Z
537,1822,,,,,,,,
538,1772,,,,,,,,
539,1847,1241.0,5417824.37,5010124.02,407700.35,,,,2019-09-03T00:00:00.000Z
540,1760,166.0,1642832.66,1291904.6,350928.06,,,,2019-09-03T00:00:00.000Z
541,1776,,,,,,,,
542,1756,202.0,1469127.78,778243.02,690884.76,,,,2019-09-03T00:00:00.000Z
543,1801,,,,,,,,
544,1802,,,,,,,,
545,1826,,,,,,,,
546,1827,,,,,,,,
547,1851,,,,,,,,
548,1852,,,,,,,,
549,1781,,,,,,,,
550,1806,,,,,,,,
551,1831,705.0,3220613.51,2916598.19,304015.32,,,,2019-09-03T00:00:00.000Z
552,1856,,,,,,,,
553,1867,,,,,,,,
554,1872,,,,,,,,
555,1892,,,,,,,,
556,1770,737.0,1560229.95,1320958.06,239271.89,,,,2019-09-03T00:00:00.000Z
557,1790,,,,,,,,
558,1795,11107.0,36905735.96,31083614.42,5822121.54,,,,2019-09-03T00:00:00.000Z
559,1754,,,,,,,,
560,1759,,,,,,,,
561,1779,,,,,,,,
562,1784,,,,,,,,
563,1804,,,,,,,,
564,1809,2105.0,6869983.55,5100986.2,1768997.35,,,,2019-09-03T00:00:00.000Z
565,1829,2993.0,7862984.44,7434137.3,428847.14,,,,2019-09-03T00:00:00.000Z
566,1834,282.0,1864525.69,1583637.41,280888.28,,,,2019-09-03T00:00:00.000Z
567,1854,,,,,,,,
568,1859,4429.0,22780503.01,18259342.0,4521161.01,,,,2019-09-03T00:00:00.000Z
569,1879,,,,,,,,
570,1884,,,,,,,,
571,1743,,,,,,,,
572,1748,,,,,,,,
573,1882,,,,,,,,
574,1780,13402.0,34868169.3,29354250.25,5513919.05,,,,2019-09-03T00:00:00.000Z
575,1887,,,,,,,,
576,1744,541.0,4360723.47,3402839.22,957884.25,,,,2019-09-03T00:00:00.000Z
577,1785,5383.0,19216129.55,17095730.28,2120399.27,,,,2019-09-03T00:00:00.000Z
578,1769,589.0,2619379.95,2404215.89,215164.06,,,,2019-09-03T00:00:00.000Z
579,1749,3481.0,13924227.09,12299985.24,1624241.85,,,,2019-09-03T00:00:00.000Z
580,1794,1966.0,7176481.13,5986936.24,1189544.89,,,,2019-09-03T00:00:00.000Z
581,1774,,,,,,,,
582,1819,,,,,,,,
583,1799,,,,,,,,
584,1844,,,,,,,,
585,1824,,,,,,,,
586,1869,,,,,,,,
587,1849,,,,,,,,
588,1894,14743.0,37132716.72,33983726.63,3148990.09,,,,2019-09-03T00:00:00.000Z
589,1874,,,,,,,,
590,1738,199.0,1928655.92,1789105.28,139550.64,,,,2019-09-03T00:00:00.000Z
591,1877,,,,,,,,
592,1775,,,,,,,,
593,1739,,,,,,,,
594,1764,164.0,549480.66,447761.87,101718.79,,,,2019-09-03T00:00:00.000Z
595,1789,,,,,,,,
596,1814,698.0,3674159.05,2920671.78,753487.27,,,,2019-09-03T00:00:00.000Z
597,1839,,,,,,,,
598,1864,,,,,,,,
599,1889,,,,,,,,
600,1753,250.0,1598081.52,1371741.06,226340.46,,,,2019-09-03T00:00:00.000Z
601,1800,27935.0,64635964.92,57513293.79,7122671.13,,,,2019-09-03T00:00:00.000Z
602,1805,,,,,,,,
603,1825,,,,,,,,
604,1830,676.0,2440267.06,2321345.07,118921.99,,,,2019-09-03T00:00:00.000Z
605,1850,,,,,,,,
606,1855,7130.0,17693443.86,12307674.68,5385769.18,,,,2019-09-03T00:00:00.000Z
607,1875,,,,,,,,
608,1880,,,,,,,,
609,1763,24881.0,138679472.9,122353582.2,16325890.7,,,,2019-09-03T00:00:00.000Z
610,1768,23956.0,56679489.87,50118678.0,6560811.87,,,,2019-09-03T00:00:00.000Z
611,1788,,,,,,,,
612,1793,,,,,,,,
613,1813,,,,,,,,
614,1818,,,,,,,,
615,1838,2875.0,13905805.19,13048600.38,857204.81,,,,2019-09-03T00:00:00.000Z
616,1843,590.0,5852701.19,2696850.42,3155850.77,,,,2019-09-03T00:00:00.000Z
617,1863,,,,,,,,
618,1868,,,,,,,,
619,1888,,,,,,,,
620,1893,1115.0,4373420.87,4052960.37,320460.5,,,,2019-09-03T00:00:00.000Z
621,1876,,,,,,,,
622,1881,,,,,,,,
623,1810,486.0,3839488.88,3069213.15,770275.73,,,,2019-09-03T00:00:00.000Z
624,1815,,,,,,,,
625,1835,453.0,2075746.91,1830940.6,244806.31,,,,2019-09-03T00:00:00.000Z
626,1840,1913.0,7382877.18,5906743.59,1476133.59,,,,2019-09-03T00:00:00.000Z
627,1860,,,,,,,,
628,1865,,,,,,,,
629,1885,,,,,,,,
630,1890,,,,,,,,
631,1778,,,,,,,,
632,1803,,,,,,,,
633,1828,,,,,,,,
634,1853,,,,,,,,
635,1878,,,,,,,,
636,1866,,,,,,,,
637,1891,,,,,,,,
638,1773,1089.0,5367078.69,4930561.66,436517.03,,,,2019-09-03T00:00:00.000Z
639,1798,20110.0,29999815.09,12559208.69,17440606.4,,,,2019-09-03T00:00:00.000Z
640,1820,105.0,1251943.17,1000815.99,251127.18,,,,2019-09-03T00:00:00.000Z
641,1823,,,,,,,,
642,1845,,,,,,,,
643,1848,,,,,,,,
644,1873,,,,,,,,
645,1861,,,,,,,,
646,1870,,,,,,,,
647,1886,,,,,,,,
648,1758,381.0,2474245.11,2107834.16,366410.95,,,,2019-09-03T00:00:00.000Z
649,1783,,,,,,,,
650,1808,,,,,,,,
651,1833,804.0,4420415.46,4020055.64,400359.82,,,,2019-09-03T00:00:00.000Z
652,1858,13331.0,58951222.09,51103383.71,7847838.38,,,,2019-09-03T00:00:00.000Z
653,1883,,,,,,,,
654,1871,,,,,,,,
655,1904,2364.0,5283702.22,4941144.26,342557.96,,,,2019-09-03T00:00:00.000Z
656,1909,30169.0,169303511.72,146829691.09,22473820.63,,,,2019-09-03T00:00:00.000Z
657,1931,2617.0,10259307.7,8273536.99,1985770.71,,,,2019-09-03T00:00:00.000Z
658,1934,,,,,,,,
659,1901,,,,,,,,
660,1916,228.0,1320029.19,843762.76,476266.43,,,,2019-09-03T00:00:00.000Z
661,1924,,,,,,,,
662,1899,,,,,,,,
663,1921,,,,,,,,
664,1926,,,,,,,,
665,1929,,,,,,,,
666,1951,,,,,,,,
667,1976,1137.0,9203306.37,8283359.63,919946.74,,,,2019-09-03T00:00:00.000Z
668,2002,,,,,,,,
669,1969,2037.0,8587054.39,6226279.65,2360774.74,,,,2019-09-03T00:00:00.000Z
670,1906,576.0,4273071.42,3672435.69,600635.73,,,,2019-09-03T00:00:00.000Z
671,1914,,,,,,,,
672,1994,1079.0,4904077.68,3001943.65,1902134.03,,,,2019-09-03T00:00:00.000Z
673,1936,,,,,,,,
674,1903,,,,,,,,
675,1939,,,,,,,,
676,1928,,,,,,,,
677,1961,,,,,,,,
678,1915,,,,,,,,
679,1986,,,,,,,,
680,1954,,,,,,,,
681,1896,,,,,,,,
682,1911,,,,,,,,
683,1919,,,,,,,,
684,1941,,,,,,,,
685,1944,,,,,,,,
686,1966,,,,,,,,
687,1991,2266.0,15324105.42,14279071.76,1045033.66,,,,2019-09-03T00:00:00.000Z
688,1959,,,,,,,,
689,1984,1207.0,4799393.02,4685835.84,113557.18,,,,2019-09-03T00:00:00.000Z
690,2010,,,,,,,,
691,1918,1511.0,5733945.27,5357251.61,376693.66,,,,2019-09-03T00:00:00.000Z
692,1905,,,,,,,,
693,1956,,,,,,,,
694,1981,7469.0,95754618.67,93631947.01,2122671.66,,,,2019-09-03T00:00:00.000Z
695,2007,,,,,,,,
696,1974,1954.0,8585761.3,6981406.64,1604354.66,,,,2019-09-03T00:00:00.000Z
697,1999,,,,,,,,
698,1908,301.0,1549737.37,1271585.7,278151.67,,,,2019-09-03T00:00:00.000Z
699,1946,,,,,,,,
700,1933,23454.0,61762768.74,48776373.72,12986395.02,,,,2019-09-03T00:00:00.000Z
701,1949,,,,,,,,
702,2012,,,,,,,,
703,1971,16375.0,77097372.06,57302364.2,19795007.86,,,,2019-09-03T00:00:00.000Z
704,1938,,,,,,,,
705,1996,2077.0,6708117.08,6271847.46,436269.62,,,,2019-09-03T00:00:00.000Z
706,1963,,,,,,,,
707,1964,,,,,,,,
708,1988,,,,,,,,
709,2014,,,,,,,,
710,1989,302.0,3441115.24,2745020.87,696094.37,,,,2019-09-03T00:00:00.000Z
711,1925,1624.0,10602928.54,9705873.5,897055.04,,,,2019-09-03T00:00:00.000Z
712,1898,,,,,,,,
713,1950,,,,,,,,
714,1923,,,,,,,,
715,1975,4290.0,24279487.62,20707889.78,3571597.84,,,,2019-09-03T00:00:00.000Z
716,1910,,,,,,,,
717,2001,,,,,,,,
718,2027,,,,,,,,
719,2026,,,,,,,,
720,1953,,,,,,,,
721,1907,,,,,,,,
722,1978,,,,,,,,
723,2004,,,,,,,,
724,2022,,,,,,,,
725,2029,,,,,,,,
726,1948,,,,,,,,
727,1940,,,,,,,,
728,1973,1272.0,5526673.58,4096508.97,1430164.61,,,,2019-09-03T00:00:00.000Z
729,1998,777.0,4820193.95,4623721.37,196472.58,,,,2019-09-03T00:00:00.000Z
730,2032,,,,,,,,
731,2024,,,,,,,,
732,1958,,,,,,,,
733,1965,,,,,,,,
734,1979,1418.0,11386784.01,10011898.05,1374885.96,,,,2019-09-03T00:00:00.000Z
735,1990,,,,,,,,
736,2005,,,,,,,,
737,2016,,,,,,,,
738,1913,,,,,,,,
739,1897,6709.0,16839844.02,15323835.76,1516008.26,,,,2019-09-03T00:00:00.000Z
740,1900,,,,,,,,
741,2017,,,,,,,,
742,1983,1254.0,13543057.75,12834588.26,708469.49,,,,2019-09-03T00:00:00.000Z
743,2009,,,,,,,,
744,1943,,,,,,,,
745,1920,,,,,,,,
746,1968,,,,,,,,
747,1945,,,,,,,,
748,1993,,,,,,,,
749,1970,190.0,1647254.75,1412144.33,235110.42,,,,2019-09-03T00:00:00.000Z
750,2019,,,,,,,,
751,1995,556.0,1805969.74,1744834.03,61135.71,,,,2019-09-03T00:00:00.000Z
752,1930,8652.0,26438629.85,23938991.35,2499638.5,,,,2019-09-03T00:00:00.000Z
753,2021,,,,,,,,
754,1955,,,,,,,,
755,1935,108984.0,374795385.51,318219328.27,56576057.24,,,,2019-09-03T00:00:00.000Z
756,1902,,,,,,,,
757,1980,6437.0,37062310.48,22596129.42,14466181.06,,,,2019-09-03T00:00:00.000Z
758,2006,,,,,,,,
759,2031,,,,,,,,
760,1912,4258.0,20784629.22,17774255.03,3010374.19,,,,2019-09-03T00:00:00.000Z
761,1960,,,,,,,,
762,1985,,,,,,,,
763,2011,,,,,,,,
764,1895,27602.0,58954565.86,56928024.52,2026541.34,,,,2019-09-03T00:00:00.000Z
765,1917,443.0,2733258.17,2425506.08,307752.09,,,,2019-09-03T00:00:00.000Z
766,2042,,,,,,,,
767,2037,,,,,,,,
768,2034,,,,,,,,
769,2062,,,,,,,,
770,2059,,,,,,,,
771,2054,,,,,,,,
772,2046,,,,,,,,
773,2041,,,,,,,,
774,1937,,,,,,,,
775,1932,,,,,,,,
776,1962,,,,,,,,
777,1957,,,,,,,,
778,1987,,,,,,,,
779,1982,,,,,,,,
780,2013,,,,,,,,
781,2008,,,,,,,,
782,2038,,,,,,,,
783,2033,,,,,,,,
784,2063,,,,,,,,
785,2058,,,,,,,,
786,2025,,,,,,,,
787,2020,,,,,,,,
788,2050,,,,,,,,
789,2045,,,,,,,,
790,2075,,,,,,,,
791,2070,,,,,,,,
792,2100,,,,,,,,
793,2095,,,,,,,,
794,2057,,,,,,,,
795,2049,,,,,,,,
796,2036,,,,,,,,
797,1927,,,,,,,,
798,1952,,,,,,,,
799,1977,,,,,,,,
800,2003,,,,,,,,
801,2028,,,,,,,,
802,2053,,,,,,,,
803,2015,,,,,,,,
804,2040,,,,,,,,
805,2065,,,,,,,,
806,2090,,,,,,,,
807,2115,,,,,,,,
808,2047,,,,,,,,
809,2039,,,,,,,,
810,2064,,,,,,,,
811,2052,,,,,,,,
812,2051,,,,,,,,
813,2044,,,,,,,,
814,1942,1778.0,5391278.01,4319299.54,1071978.47,,,,2019-09-03T00:00:00.000Z
815,2069,,,,,,,,
816,1967,,,,,,,,
817,1922,,,,,,,,
818,1992,,,,,,,,
819,1947,,,,,,,,
820,2018,,,,,,,,
821,1972,1962.0,10653250.32,9120883.93,1532366.39,,,,2019-09-03T00:00:00.000Z
822,2043,,,,,,,,
823,1997,,,,,,,,
824,2068,,,,,,,,
825,2023,,,,,,,,
826,2030,,,,,,,,
827,2048,,,,,,,,
828,2055,,,,,,,,
829,2073,,,,,,,,
830,2080,,,,,,,,
831,2035,,,,,,,,
832,2105,,,,,,,,
833,2060,,,,,,,,
834,2085,,,,,,,,
835,2110,,,,,,,,
836,2077,,,,,,,,
837,2067,,,,,,,,
838,2102,,,,,,,,
839,2092,,,,,,,,
840,2079,,,,,,,,
841,2117,,,,,,,,
842,2104,,,,,,,,
843,2094,,,,,,,,
844,2066,,,,,,,,
845,2056,,,,,,,,
846,2091,,,,,,,,
847,2081,,,,,,,,
848,2116,,,,,,,,
849,2106,,,,,,,,
850,2098,,,,,,,,
851,2088,,,,,,,,
852,2072,,,,,,,,
853,2113,,,,,,,,
854,2097,,,,,,,,
855,2082,,,,,,,,
856,2074,,,,,,,,
857,2107,,,,,,,,
858,2099,,,,,,,,
859,2084,,,,,,,,
860,2087,,,,,,,,
861,2109,,,,,,,,
862,2112,,,,,,,,
863,2071,,,,,,,,
864,2089,,,,,,,,
865,2096,,,,,,,,
866,2114,,,,,,,,
867,2078,,,,,,,,
868,2076,,,,,,,,
869,2061,,,,,,,,
870,2101,,,,,,,,
871,2086,,,,,,,,
872,2083,,,,,,,,
873,2111,,,,,,,,
874,2108,,,,,,,,
875,2093,,,,,,,,
876,2118,,,,,,,,
877,2103,,,,,,,,
878,2125,,,,,,,,
879,2132,,,,,,,,
880,2145,,,,,,,,
881,2119,,,,,,,,
882,2142,,,,,,,,
883,2136,,,,,,,,
884,2157,,,,,,,,
885,2175,,,,,,,,
886,2200,,,,,,,,
887,2225,,,,,,,,
888,2129,,,,,,,,
889,2154,,,,,,,,
890,2127,,,,,,,,
891,2140,,,,,,,,
892,2131,,,,,,,,
893,2152,,,,,,,,
894,2122,,,,,,,,
895,2135,,,,,,,,
896,2126,,,,,,,,
897,2147,,,,,,,,
898,2165,,,,,,,,
899,2190,,,,,,,,
900,2215,,,,,,,,
901,2120,,,,,,,,
902,2144,,,,,,,,
903,2169,,,,,,,,
904,2121,,,,,,,,
905,2146,,,,,,,,
906,2160,,,,,,,,
907,2185,,,,,,,,
908,2210,,,,,,,,
909,2156,,,,,,,,
910,2139,,,,,,,,
911,2164,,,,,,,,
912,2176,,,,,,,,
913,2130,,,,,,,,
914,2201,,,,,,,,
915,2226,,,,,,,,
916,2179,,,,,,,,
917,2166,,,,,,,,
918,2204,,,,,,,,
919,2191,,,,,,,,
920,2229,,,,,,,,
921,2216,,,,,,,,
922,2123,,,,,,,,
923,2241,,,,,,,,
924,2167,,,,,,,,
925,2194,,,,,,,,
926,2192,,,,,,,,
927,2219,,,,,,,,
928,2244,,,,,,,,
929,2170,,,,,,,,
930,2138,,,,,,,,
931,2195,,,,,,,,
932,2182,,,,,,,,
933,2220,,,,,,,,
934,2137,,,,,,,,
935,2124,,,,,,,,
936,2150,,,,,,,,
937,2149,,,,,,,,
938,2141,,,,,,,,
939,2161,,,,,,,,
940,2155,,,,,,,,
941,2186,,,,,,,,
942,2180,,,,,,,,
943,2211,,,,,,,,
944,2205,,,,,,,,
945,2236,,,,,,,,
946,2151,,,,,,,,
947,2189,,,,,,,,
948,2214,,,,,,,,
949,2239,,,,,,,,
950,2133,,,,,,,,
951,2177,,,,,,,,
952,2181,,,,,,,,
953,2206,,,,,,,,
954,2231,,,,,,,,
955,2184,,,,,,,,
956,2209,,,,,,,,
957,2234,,,,,,,,
958,2128,,,,,,,,
959,2172,,,,,,,,
960,2134,,,,,,,,
961,2159,,,,,,,,
962,2171,,,,,,,,
963,2196,,,,,,,,
964,2221,,,,,,,,
965,2174,,,,,,,,
966,2199,,,,,,,,
967,2224,,,,,,,,
968,2249,,,,,,,,
969,2162,,,,,,,,
970,2187,,,,,,,,
971,2256,,,,,,,,
972,2266,,,,,,,,
973,2281,,,,,,,,
974,2259,,,,,,,,
975,2274,,,,,,,,
976,2284,,,,,,,,
977,2299,,,,,,,,
978,2309,,,,,,,,
979,2324,,,,,,,,
980,2334,,,,,,,,
981,2349,,,,,,,,
982,2359,,,,,,,,
983,2143,,,,,,,,
984,2153,,,,,,,,
985,2168,,,,,,,,
986,2178,,,,,,,,
987,2193,,,,,,,,
988,2203,,,,,,,,
989,2218,,,,,,,,
990,2228,,,,,,,,
991,2243,,,,,,,,
992,2253,,,,,,,,
993,2268,,,,,,,,
994,2202,,,,,,,,
995,2217,,,,,,,,
996,2227,,,,,,,,
997,2242,,,,,,,,
998,2252,,,,,,,,
999,2267,,,,,,,,
1000,2277,,,,,,,,
1001,2292,,,,,,,,
1002,2251,,,,,,,,
1003,2276,,,,,,,,
1004,2269,,,,,,,,
1005,2294,,,,,,,,
1006,2319,,,,,,,,
1007,2344,,,,,,,,
1008,2369,,,,,,,,
1009,2163,,,,,,,,
1010,2188,,,,,,,,
1011,2213,,,,,,,,
1012,2238,,,,,,,,
1013,2263,,,,,,,,
1014,2261,,,,,,,,
1015,2212,,,,,,,,
1016,2254,,,,,,,,
1017,2237,,,,,,,,
1018,2279,,,,,,,,
1019,2262,,,,,,,,
1020,2304,,,,,,,,
1021,2287,,,,,,,,
1022,2329,,,,,,,,
1023,2246,,,,,,,,
1024,2354,,,,,,,,
1025,2271,,,,,,,,
1026,2148,,,,,,,,
1027,2264,,,,,,,,
1028,2173,,,,,,,,
1029,2289,,,,,,,,
1030,2198,,,,,,,,
1031,2314,,,,,,,,
1032,2223,,,,,,,,
1033,2339,,,,,,,,
1034,2248,,,,,,,,
1035,2364,,,,,,,,
1036,2197,,,,,,,,
1037,2158,,,,,,,,
1038,2222,,,,,,,,
1039,2183,,,,,,,,
1040,2247,,,,,,,,
1041,2208,,,,,,,,
1042,2272,,,,,,,,
1043,2233,,,,,,,,
1044,2258,,,,,,,,
1045,2207,,,,,,,,
1046,2232,,,,,,,,
1047,2257,,,,,,,,
1048,2282,,,,,,,,
1049,2291,,,,,,,,
1050,2316,,,,,,,,
1051,2341,,,,,,,,
1052,2366,,,,,,,,
1053,2288,,,,,,,,
1054,2313,,,,,,,,
1055,2338,,,,,,,,
1056,2363,,,,,,,,
1057,2307,,,,,,,,
1058,2332,,,,,,,,
1059,2357,,,,,,,,
1060,2235,,,,,,,,
1061,2260,,,,,,,,
1062,2285,,,,,,,,
1063,2310,,,,,,,,
1064,2335,,,,,,,,
1065,2360,,,,,,,,
1066,2301,,,,,,,,
1067,2326,,,,,,,,
1068,2351,,,,,,,,
1069,2273,,,,,,,,
1070,2298,,,,,,,,
1071,2323,,,,,,,,
1072,2348,,,,,,,,
1073,2373,,,,,,,,
1074,2317,,,,,,,,
1075,2342,,,,,,,,
1076,2367,,,,,,,,
1077,2245,,,,,,,,
1078,2270,,,,,,,,
1079,2295,,,,,,,,
1080,2320,,,,,,,,
1081,2345,,,,,,,,
1082,2370,,,,,,,,
1083,2296,,,,,,,,
1084,2321,,,,,,,,
1085,2346,,,,,,,,
1086,2371,,,,,,,,
1087,2293,,,,,,,,
1088,2318,,,,,,,,
1089,2343,,,,,,,,
1090,2368,,,,,,,,
1091,2312,,,,,,,,
1092,2337,,,,,,,,
1093,2362,,,,,,,,
1094,2240,,,,,,,,
1095,2265,,,,,,,,
1096,2290,,,,,,,,
1097,2315,,,,,,,,
1098,2340,,,,,,,,
1099,2365,,,,,,,,
1100,2286,,,,,,,,
1101,2311,,,,,,,,
1102,2336,,,,,,,,
1103,2361,,,,,,,,
1104,2283,,,,,,,,
1105,2308,,,,,,,,
1106,2333,,,,,,,,
1107,2358,,,,,,,,
1108,2302,,,,,,,,
1109,2327,,,,,,,,
1110,2352,,,,,,,,
1111,2230,,,,,,,,
1112,2255,,,,,,,,
1113,2280,,,,,,,,
1114,2305,,,,,,,,
1115,2330,,,,,,,,
1116,2355,,,,,,,,
1117,2306,,,,,,,,
1118,2331,,,,,,,,
1119,2356,,,,,,,,
1120,2278,,,,,,,,
1121,2303,,,,,,,,
1122,2328,,,,,,,,
1123,2353,,,,,,,,
1124,2297,,,,,,,,
1125,2322,,,,,,,,
1126,2347,,,,,,,,
1127,2372,,,,,,,,
1128,2250,,,,,,,,
1129,2275,,,,,,,,
1130,2300,,,,,,,,
1131,2325,,,,,,,,
1132,2350,,,,,,,,
1133,2389,,,,,,,,
1134,2382,,,,,,,,
1135,2388,,,,,,,,
1136,2413,,,,,,,,
1137,2395,,,,,,,,
1138,2381,,,,,,,,
1139,2406,,,,,,,,
1140,2423,,,,,,,,
1141,2449,,,,,,,,
1142,2474,,,,,,,,
1143,2499,,,,,,,,
1144,2524,,,,,,,,
1145,2425,,,,,,,,
1146,2451,,,,,,,,
1147,2476,,,,,,,,
1148,2501,,,,,,,,
1149,2526,,,,,,,,
1150,2431,,,,,,,,
1151,2457,,,,,,,,
1152,2482,,,,,,,,
1153,2507,,,,,,,,
1154,2532,,,,,,,,
1155,2557,,,,,,,,
1156,2582,,,,,,,,
1157,2417,,,,,,,,
1158,2443,,,,,,,,
1159,2468,,,,,,,,
1160,2493,,,,,,,,
1161,2518,,,,,,,,
1162,2543,,,,,,,,
1163,2568,,,,,,,,
1164,2409,,,,,,,,
1165,2434,,,,,,,,
1166,2460,,,,,,,,
1167,2485,,,,,,,,
1168,2374,,,,,,,,
1169,2399,,,,,,,,
1170,2392,,,,,,,,
1171,2398,,,,,,,,
1172,2380,,,,,,,,
1173,2405,,,,,,,,
1174,2391,,,,,,,,
1175,2416,,,,,,,,
1176,2433,,,,,,,,
1177,2459,,,,,,,,
1178,2484,,,,,,,,
1179,2509,,,,,,,,
1180,2534,,,,,,,,
1181,2435,,,,,,,,
1182,2461,,,,,,,,
1183,2486,,,,,,,,
1184,2511,,,,,,,,
1185,2536,,,,,,,,
1186,2442,,,,,,,,
1187,2467,,,,,,,,
1188,2492,,,,,,,,
1189,2517,,,,,,,,
1190,2542,,,,,,,,
1191,2567,,,,,,,,
1192,2402,,,,,,,,
1193,2427,,,,,,,,
1194,2384,,,,,,,,
1195,2377,,,,,,,,
1196,2383,,,,,,,,
1197,2408,,,,,,,,
1198,2390,,,,,,,,
1199,2375,,,,,,,,
1200,2401,,,,,,,,
1201,2418,,,,,,,,
1202,2444,,,,,,,,
1203,2469,,,,,,,,
1204,2494,,,,,,,,
1205,2519,,,,,,,,
1206,2420,,,,,,,,
1207,2446,,,,,,,,
1208,2471,,,,,,,,
1209,2496,,,,,,,,
1210,2521,,,,,,,,
1211,2426,,,,,,,,
1212,2452,,,,,,,,
1213,2477,,,,,,,,
1214,2502,,,,,,,,
1215,2527,,,,,,,,
1216,2552,,,,,,,,
1217,2577,,,,,,,,
1218,2412,,,,,,,,
1219,2437,,,,,,,,
1220,2463,,,,,,,,
1221,2488,,,,,,,,
1222,2513,,,,,,,,
1223,2538,,,,,,,,
1224,2563,,,,,,,,
1225,2588,,,,,,,,
1226,2429,,,,,,,,
1227,2455,,,,,,,,
1228,2480,,,,,,,,
1229,2505,,,,,,,,
1230,2379,,,,,,,,
1231,2404,,,,,,,,
1232,2378,,,,,,,,
1233,2403,,,,,,,,
1234,2385,,,,,,,,
1235,2410,,,,,,,,
1236,2396,,,,,,,,
1237,2421,,,,,,,,
1238,2438,,,,,,,,
1239,2464,,,,,,,,
1240,2489,,,,,,,,
1241,2514,,,,,,,,
1242,2415,,,,,,,,
1243,2441,,,,,,,,
1244,2466,,,,,,,,
1245,2491,,,,,,,,
1246,2516,,,,,,,,
1247,2541,,,,,,,,
1248,2447,,,,,,,,
1249,2472,,,,,,,,
1250,2497,,,,,,,,
1251,2522,,,,,,,,
1252,2547,,,,,,,,
1253,2572,,,,,,,,
1254,2407,,,,,,,,
1255,2432,,,,,,,,
1256,2458,,,,,,,,
1257,2483,,,,,,,,
1258,2508,,,,,,,,
1259,2533,,,,,,,,
1260,2558,,,,,,,,
1261,2583,,,,,,,,
1262,2424,,,,,,,,
1263,2450,,,,,,,,
1264,2475,,,,,,,,
1265,2500,,,,,,,,
1266,2525,,,,,,,,
1267,2550,,,,,,,,
1268,2453,,,,,,,,
1269,2575,,,,,,,,
1270,2600,,,,,,,,
1271,2478,,,,,,,,
1272,2597,,,,,,,,
1273,2503,,,,,,,,
1274,2622,,,,,,,,
1275,2528,,,,,,,,
1276,2544,,,,,,,,
1277,2553,,,,,,,,
1278,2569,,,,,,,,
1279,2578,,,,,,,,
1280,2589,,,,,,,,
1281,2419,,,,,,,,
1282,2510,,,,,,,,
1283,2614,,,,,,,,
1284,2535,,,,,,,,
1285,2560,,,,,,,,
1286,2585,,,,,,,,
1287,2610,,,,,,,,
1288,2607,,,,,,,,
1289,2632,,,,,,,,
1290,2554,,,,,,,,
1291,2546,,,,,,,,
1292,2599,,,,,,,,
1293,2624,,,,,,,,
1294,2445,,,,,,,,
1295,2394,,,,,,,,
1296,2470,,,,,,,,
1297,2530,,,,,,,,
1298,2495,,,,,,,,
1299,2555,,,,,,,,
1300,2520,,,,,,,,
1301,2580,,,,,,,,
1302,2545,,,,,,,,
1303,2605,,,,,,,,
1304,2570,,,,,,,,
1305,2595,,,,,,,,
1306,2602,,,,,,,,
1307,2592,,,,,,,,
1308,2627,,,,,,,,
1309,2617,,,,,,,,
1310,2549,,,,,,,,
1311,2539,,,,,,,,
1312,2574,,,,,,,,
1313,2564,,,,,,,,
1314,2584,,,,,,,,
1315,2609,,,,,,,,
1316,2594,,,,,,,,
1317,2634,,,,,,,,
1318,2619,,,,,,,,
1319,2387,,,,,,,,
1320,2393,,,,,,,,
1321,2376,,,,,,,,
1322,2400,,,,,,,,
1323,2386,,,,,,,,
1324,2411,,,,,,,,
1325,2428,,,,,,,,
1326,2454,,,,,,,,
1327,2479,,,,,,,,
1328,2504,,,,,,,,
1329,2529,,,,,,,,
1330,2430,,,,,,,,
1331,2456,,,,,,,,
1332,2481,,,,,,,,
1333,2506,,,,,,,,
1334,2531,,,,,,,,
1335,2436,,,,,,,,
1336,2462,,,,,,,,
1337,2487,,,,,,,,
1338,2512,,,,,,,,
1339,2537,,,,,,,,
1340,2562,,,,,,,,
1341,2397,,,,,,,,
1342,2422,,,,,,,,
1343,2448,,,,,,,,
1344,2473,,,,,,,,
1345,2498,,,,,,,,
1346,2523,,,,,,,,
1347,2548,,,,,,,,
1348,2573,,,,,,,,
1349,2414,,,,,,,,
1350,2439,,,,,,,,
1351,2465,,,,,,,,
1352,2490,,,,,,,,
1353,2515,,,,,,,,
1354,2540,,,,,,,,
1355,2565,,,,,,,,
1356,2590,,,,,,,,
1357,2587,,,,,,,,
1358,2612,,,,,,,,
1359,2637,,,,,,,,
1360,2559,,,,,,,,
1361,2579,,,,,,,,
1362,2604,,,,,,,,
1363,2629,,,,,,,,
1364,2551,,,,,,,,
1365,2571,,,,,,,,
1366,2615,,,,,,,,
1367,2635,,,,,,,,
1368,2606,,,,,,,,
1369,2626,,,,,,,,
1370,2598,,,,,,,,
1371,2618,,,,,,,,
1372,2561,,,,,,,,
1373,2581,,,,,,,,
1374,2625,,,,,,,,
1375,2596,,,,,,,,
1376,2616,,,,,,,,
1377,2636,,,,,,,,
1378,2608,,,,,,,,
1379,2628,,,,,,,,
1380,2566,,,,,,,,
1381,2586,,,,,,,,
1382,2630,,,,,,,,
1383,2601,,,,,,,,
1384,2621,,,,,,,,
1385,2593,,,,,,,,
1386,2613,,,,,,,,
1387,2633,,,,,,,,
1388,2556,,,,,,,,
1389,2576,,,,,,,,
1390,2620,,,,,,,,
1391,2591,,,,,,,,
1392,2611,,,,,,,,
1393,2631,,,,,,,,
1394,2603,,,,,,,,
1395,2623,,,,,,,,
1396,2640,,,,,,,,
1397,2664,,,,,,,,
1398,2657,,,,,,,,
1399,2644,,,,,,,,
1400,2638,,,,,,,,
1401,2654,,,,,,,,
1402,2662,,,,,,,,
1403,2647,,,,,,,,
1404,2639,,,,,,,,
1405,2672,,,,,,,,
1406,2661,,,,,,,,
1407,2646,,,,,,,,
1408,2658,,,,,,,,
1409,2643,,,,,,,,
1410,2645,,,,,,,,
1411,2668,,,,,,,,
1412,2687,,,,,,,,
1413,2655,,,,,,,,
1414,2712,,,,,,,,
1415,2697,,,,,,,,
1416,2737,,,,,,,,
1417,2722,,,,,,,,
1418,2762,,,,,,,,
1419,2747,,,,,,,,
1420,2680,,,,,,,,
1421,2665,,,,,,,,
1422,2705,,,,,,,,
1423,2690,,,,,,,,
1424,2730,,,,,,,,
1425,2715,,,,,,,,
1426,2755,,,,,,,,
1427,2740,,,,,,,,
1428,2780,,,,,,,,
1429,2765,,,,,,,,
1430,2772,,,,,,,,
1431,2790,,,,,,,,
1432,2797,,,,,,,,
1433,2782,,,,,,,,
1434,2822,,,,,,,,
1435,2807,,,,,,,,
1436,2847,,,,,,,,
1437,2832,,,,,,,,
1438,2693,,,,,,,,
1439,2857,,,,,,,,
1440,2718,,,,,,,,
1441,2703,,,,,,,,
1442,2800,,,,,,,,
1443,2728,,,,,,,,
1444,2872,,,,,,,,
1445,2810,,,,,,,,
1446,2748,,,,,,,,
1447,2882,,,,,,,,
1448,2773,,,,,,,,
1449,2798,,,,,,,,
1450,2758,,,,,,,,
1451,2823,,,,,,,,
1452,2783,,,,,,,,
1453,2808,,,,,,,,
1454,2649,,,,,,,,
1455,2642,,,,,,,,
1456,2667,,,,,,,,
1457,2641,,,,,,,,
1458,2666,,,,,,,,
1459,2663,,,,,,,,
1460,2650,,,,,,,,
1461,2692,,,,,,,,
1462,2717,,,,,,,,
1463,2742,,,,,,,,
1464,2660,,,,,,,,
1465,2674,,,,,,,,
1466,2656,,,,,,,,
1467,2653,,,,,,,,
1468,2678,,,,,,,,
1469,2682,,,,,,,,
1470,2707,,,,,,,,
1471,2732,,,,,,,,
1472,2757,,,,,,,,
1473,2675,,,,,,,,
1474,2700,,,,,,,,
1475,2725,,,,,,,,
1476,2750,,,,,,,,
1477,2775,,,,,,,,
1478,2767,,,,,,,,
1479,2792,,,,,,,,
1480,2817,,,,,,,,
1481,2842,,,,,,,,
1482,2688,,,,,,,,
1483,2713,,,,,,,,
1484,2867,,,,,,,,
1485,2743,,,,,,,,
1486,2768,,,,,,,,
1487,2793,,,,,,,,
1488,2818,,,,,,,,
1489,2679,,,,,,,,
1490,2704,,,,,,,,
1491,2729,,,,,,,,
1492,2681,,,,,,,,
1493,2706,,,,,,,,
1494,2731,,,,,,,,
1495,2825,,,,,,,,
1496,2858,,,,,,,,
1497,2845,,,,,,,,
1498,2870,,,,,,,,
1499,2878,,,,,,,,
1500,2759,,,,,,,,
1501,2784,,,,,,,,
1502,2833,,,,,,,,
1503,2694,,,,,,,,
1504,2719,,,,,,,,
1505,2671,,,,,,,,
1506,2696,,,,,,,,
1507,2721,,,,,,,,
1508,2815,,,,,,,,
1509,2848,,,,,,,,
1510,2835,,,,,,,,
1511,2860,,,,,,,,
1512,2885,,,,,,,,
1513,2749,,,,,,,,
1514,2774,,,,,,,,
1515,2684,,,,,,,,
1516,2709,,,,,,,,
1517,2734,,,,,,,,
1518,2686,,,,,,,,
1519,2711,,,,,,,,
1520,2809,,,,,,,,
1521,2736,,,,,,,,
1522,2834,,,,,,,,
1523,2830,,,,,,,,
1524,2799,,,,,,,,
1525,2863,,,,,,,,
1526,2824,,,,,,,,
1527,2850,,,,,,,,
1528,2849,,,,,,,,
1529,2875,,,,,,,,
1530,2874,,,,,,,,
1531,2883,,,,,,,,
1532,2756,,,,,,,,
1533,2764,,,,,,,,
1534,2781,,,,,,,,
1535,2789,,,,,,,,
1536,2806,,,,,,,,
1537,2814,,,,,,,,
1538,2839,,,,,,,,
1539,2864,,,,,,,,
1540,2746,,,,,,,,
1541,2771,,,,,,,,
1542,2796,,,,,,,,
1543,2685,,,,,,,,
1544,2659,,,,,,,,
1545,2710,,,,,,,,
1546,2652,,,,,,,,
1547,2735,,,,,,,,
1548,2669,,,,,,,,
1549,2760,,,,,,,,
1550,2651,,,,,,,,
1551,2785,,,,,,,,
1552,2648,,,,,,,,
1553,2777,,,,,,,,
1554,2673,,,,,,,,
1555,2802,,,,,,,,
1556,2677,,,,,,,,
1557,2827,,,,,,,,
1558,2702,,,,,,,,
1559,2852,,,,,,,,
1560,2727,,,,,,,,
1561,2698,,,,,,,,
1562,2752,,,,,,,,
1563,2723,,,,,,,,
1564,2670,,,,,,,,
1565,2805,,,,,,,,
1566,2695,,,,,,,,
1567,2877,,,,,,,,
1568,2720,,,,,,,,
1569,2753,,,,,,,,
1570,2745,,,,,,,,
1571,2778,,,,,,,,
1572,2770,,,,,,,,
1573,2803,,,,,,,,
1574,2795,,,,,,,,
1575,2828,,,,,,,,
1576,2787,,,,,,,,
1577,2689,,,,,,,,
1578,2812,,,,,,,,
1579,2714,,,,,,,,
1580,2837,,,,,,,,
1581,2739,,,,,,,,
1582,2683,,,,,,,,
1583,2691,,,,,,,,
1584,2708,,,,,,,,
1585,2716,,,,,,,,
1586,2733,,,,,,,,
1587,2741,,,,,,,,
1588,2862,,,,,,,,
1589,2859,,,,,,,,
1590,2843,,,,,,,,
1591,2868,,,,,,,,
1592,2855,,,,,,,,
1593,2880,,,,,,,,
1594,2744,,,,,,,,
1595,2769,,,,,,,,
1596,2738,,,,,,,,
1597,2794,,,,,,,,
1598,2763,,,,,,,,
1599,2884,,,,,,,,
1600,2788,,,,,,,,
1601,2766,,,,,,,,
1602,2813,,,,,,,,
1603,2791,,,,,,,,
1604,2838,,,,,,,,
1605,2699,,,,,,,,
1606,2724,,,,,,,,
1607,2836,,,,,,,,
1608,2819,,,,,,,,
1609,2676,,,,,,,,
1610,2844,,,,,,,,
1611,2701,,,,,,,,
1612,2869,,,,,,,,
1613,2726,,,,,,,,
1614,2751,,,,,,,,
1615,2820,,,,,,,,
1616,2776,,,,,,,,
1617,2853,,,,,,,,
1618,2801,,,,,,,,
1619,2840,,,,,,,,
1620,2821,,,,,,,,
1621,2865,,,,,,,,
1622,2846,,,,,,,,
1623,2873,,,,,,,,
1624,2816,,,,,,,,
1625,2754,,,,,,,,
1626,2841,,,,,,,,
1627,2779,,,,,,,,
1628,2826,,,,,,,,
1629,2804,,,,,,,,
1630,2829,,,,,,,,
1631,2854,,,,,,,,
1632,2879,,,,,,,,
1633,2761,,,,,,,,
1634,2786,,,,,,,,
1635,2811,,,,,,,,
1636,2831,,,,,,,,
1637,2861,,,,,,,,
1638,2886,,,,,,,,
1639,2851,,,,,,,,
1640,2876,,,,,,,,
1641,2866,,,,,,,,
1642,2871,,,,,,,,
1643,2856,,,,,,,,
1644,2881,,,,,,,,
1645,2891,,,,,,,,
1646,2913,,,,,,,,
1647,2923,,,,,,,,
1648,2895,,,,,,,,
1649,2910,,,,,,,,
1650,2928,,,,,,,,
1651,2953,,,,,,,,
1652,2978,,,,,,,,
1653,2896,,,,,,,,
1654,2901,,,,,,,,
1655,2916,,,,,,,,
1656,2900,,,,,,,,
1657,2915,,,,,,,,
1658,2933,,,,,,,,
1659,2958,,,,,,,,
1660,2983,,,,,,,,
1661,3009,,,,,,,,
1662,2951,,,,,,,,
1663,2976,,,,,,,,
1664,3002,,,,,,,,
1665,2888,,,,,,,,
1666,2903,,,,,,,,
1667,2911,,,,,,,,
1668,2926,,,,,,,,
1669,2894,,,,,,,,
1670,2899,,,,,,,,
1671,2943,,,,,,,,
1672,2968,,,,,,,,
1673,2993,,,,,,,,
1674,2936,,,,,,,,
1675,2961,,,,,,,,
1676,2898,,,,,,,,
1677,2906,,,,,,,,
1678,2921,,,,,,,,
1679,2889,,,,,,,,
1680,2920,,,,,,,,
1681,2938,,,,,,,,
1682,2963,,,,,,,,
1683,2988,,,,,,,,
1684,2893,,,,,,,,
1685,2931,,,,,,,,
1686,2908,,,,,,,,
1687,2956,,,,,,,,
1688,2918,,,,,,,,
1689,2981,,,,,,,,
1690,2890,,,,,,,,
1691,3004,,,,,,,,
1692,3007,,,,,,,,
1693,2905,,,,,,,,
1694,2904,,,,,,,,
1695,2948,,,,,,,,
1696,2973,,,,,,,,
1697,2998,,,,,,,,
1698,2941,,,,,,,,
1699,2966,,,,,,,,
1700,2991,,,,,,,,
1701,2930,,,,,,,,
1702,2955,,,,,,,,
1703,2980,,,,,,,,
1704,2945,,,,,,,,
1705,3006,,,,,,,,
1706,2970,,,,,,,,
1707,2914,,,,,,,,
1708,2995,,,,,,,,
1709,2939,,,,,,,,
1710,3021,,,,,,,,
1711,2964,,,,,,,,
1712,2929,,,,,,,,
1713,2989,,,,,,,,
1714,2954,,,,,,,,
1715,3015,,,,,,,,
1716,2979,,,,,,,,
1717,3034,,,,,,,,
1718,3005,,,,,,,,
1719,3032,,,,,,,,
1720,3024,,,,,,,,
1721,2907,,,,,,,,
1722,3022,,,,,,,,
1723,2897,,,,,,,,
1724,2946,,,,,,,,
1725,2971,,,,,,,,
1726,2996,,,,,,,,
1727,2935,,,,,,,,
1728,2960,,,,,,,,
1729,2985,,,,,,,,
1730,3011,,,,,,,,
1731,2919,,,,,,,,
1732,2944,,,,,,,,
1733,2969,,,,,,,,
1734,2994,,,,,,,,
1735,3014,,,,,,,,
1736,3012,,,,,,,,
1737,2887,,,,,,,,
1738,2912,,,,,,,,
1739,2940,,,,,,,,
1740,2965,,,,,,,,
1741,2986,,,,,,,,
1742,2990,,,,,,,,
1743,3016,,,,,,,,
1744,2924,,,,,,,,
1745,2949,,,,,,,,
1746,2974,,,,,,,,
1747,2925,,,,,,,,
1748,2999,,,,,,,,
1749,2950,,,,,,,,
1750,3019,,,,,,,,
1751,3017,,,,,,,,
1752,2892,,,,,,,,
1753,3026,,,,,,,,
1754,3031,,,,,,,,
1755,3020,,,,,,,,
1756,3025,,,,,,,,
1757,3049,,,,,,,,
1758,3054,,,,,,,,
1759,3074,,,,,,,,
1760,3079,,,,,,,,
1761,3099,,,,,,,,
1762,3104,,,,,,,,
1763,3129,,,,,,,,
1764,3041,,,,,,,,
1765,3154,,,,,,,,
1766,3039,,,,,,,,
1767,3047,,,,,,,,
1768,3064,,,,,,,,
1769,3072,,,,,,,,
1770,3089,,,,,,,,
1771,3097,,,,,,,,
1772,3114,,,,,,,,
1773,3122,,,,,,,,
1774,3139,,,,,,,,
1775,3147,,,,,,,,
1776,3164,,,,,,,,
1777,2927,,,,,,,,
1778,3057,,,,,,,,
1779,2952,,,,,,,,
1780,3082,,,,,,,,
1781,2977,,,,,,,,
1782,3107,,,,,,,,
1783,3003,,,,,,,,
1784,3132,,,,,,,,
1785,3028,,,,,,,,
1786,3157,,,,,,,,
1787,2937,,,,,,,,
1788,2962,,,,,,,,
1789,2987,,,,,,,,
1790,2975,,,,,,,,
1791,3013,,,,,,,,
1792,3001,,,,,,,,
1793,3038,,,,,,,,
1794,2909,,,,,,,,
1795,2934,,,,,,,,
1796,3046,,,,,,,,
1797,2959,,,,,,,,
1798,3044,,,,,,,,
1799,2984,,,,,,,,
1800,3069,,,,,,,,
1801,3010,,,,,,,,
1802,3094,,,,,,,,
1803,3029,,,,,,,,
1804,3119,,,,,,,,
1805,3027,,,,,,,,
1806,3144,,,,,,,,
1807,2902,,,,,,,,
1808,3037,,,,,,,,
1809,3036,,,,,,,,
1810,3062,,,,,,,,
1811,3030,,,,,,,,
1812,3087,,,,,,,,
1813,3059,,,,,,,,
1814,3112,,,,,,,,
1815,3084,,,,,,,,
1816,3137,,,,,,,,
1817,3109,,,,,,,,
1818,2917,,,,,,,,
1819,3134,,,,,,,,
1820,2942,,,,,,,,
1821,3159,,,,,,,,
1822,2967,,,,,,,,
1823,3052,,,,,,,,
1824,2992,,,,,,,,
1825,3077,,,,,,,,
1826,3018,,,,,,,,
1827,3124,,,,,,,,
1828,3149,,,,,,,,
1829,3042,,,,,,,,
1830,3067,,,,,,,,
1831,3092,,,,,,,,
1832,3117,,,,,,,,
1833,3142,,,,,,,,
1834,2922,,,,,,,,
1835,2947,,,,,,,,
1836,2972,,,,,,,,
1837,2997,,,,,,,,
1838,3023,,,,,,,,
1839,3102,,,,,,,,
1840,3127,,,,,,,,
1841,3152,,,,,,,,
1842,2932,,,,,,,,
1843,2957,,,,,,,,
1844,2982,,,,,,,,
1845,3008,,,,,,,,
1846,3033,,,,,,,,
1847,3061,,,,,,,,
1848,3051,,,,,,,,
1849,3086,,,,,,,,
1850,3076,,,,,,,,
1851,3111,,,,,,,,
1852,3101,,,,,,,,
1853,3136,,,,,,,,
1854,3126,,,,,,,,
1855,3151,,,,,,,,
1856,3056,,,,,,,,
1857,3035,,,,,,,,
1858,3081,,,,,,,,
1859,3060,,,,,,,,
1860,3106,,,,,,,,
1861,3085,,,,,,,,
1862,3131,,,,,,,,
1863,3110,,,,,,,,
1864,3156,,,,,,,,
1865,3040,,,,,,,,
1866,3071,,,,,,,,
1867,3065,,,,,,,,
1868,3096,,,,,,,,
1869,3090,,,,,,,,
1870,3161,,,,,,,,
1871,3121,,,,,,,,
1872,3045,,,,,,,,
1873,3146,,,,,,,,
1874,3070,,,,,,,,
1875,3171,,,,,,,,
1876,3095,,,,,,,,
1877,3055,,,,,,,,
1878,3120,,,,,,,,
1879,3080,,,,,,,,
1880,3145,,,,,,,,
1881,3105,,,,,,,,
1882,3170,,,,,,,,
1883,3130,,,,,,,,
1884,3048,,,,,,,,
1885,3155,,,,,,,,
1886,3073,,,,,,,,
1887,3162,,,,,,,,
1888,3098,,,,,,,,
1889,3058,,,,,,,,
1890,3083,,,,,,,,
1891,3108,,,,,,,,
1892,3133,,,,,,,,
1893,3158,,,,,,,,
1894,3066,,,,,,,,
1895,3091,,,,,,,,
1896,3116,,,,,,,,
1897,3141,,,,,,,,
1898,3166,,,,,,,,
1899,3050,,,,,,,,
1900,3075,,,,,,,,
1901,3100,,,,,,,,
1902,3123,,,,,,,,
1903,3125,,,,,,,,
1904,3148,,,,,,,,
1905,3150,,,,,,,,
1906,3169,,,,,,,,
1907,3115,,,,,,,,
1908,3053,,,,,,,,
1909,3140,,,,,,,,
1910,3078,,,,,,,,
1911,3165,,,,,,,,
1912,3103,,,,,,,,
1913,3043,,,,,,,,
1914,3128,,,,,,,,
1915,3068,,,,,,,,
1916,3153,,,,,,,,
1917,3093,,,,,,,,
1918,3135,,,,,,,,
1919,3160,,,,,,,,
1920,3167,,,,,,,,
1921,3063,,,,,,,,
1922,3088,,,,,,,,
1923,3118,,,,,,,,
1924,3113,,,,,,,,
1925,3143,,,,,,,,
1926,3138,,,,,,,,
1927,3163,,,,,,,,
1928,3168,,,,,,,,
1929,3173,,,,,,,,
1930,3187,,,,,,,,
1931,3198,,,,,,,,
1932,3202,,,,,,,,
1933,3227,,,,,,,,
1934,3252,,,,,,,,
1935,3277,,,,,,,,
1936,3177,,,,,,,,
1937,3192,,,,,,,,
1938,3197,,,,,,,,
1939,3207,,,,,,,,
1940,3232,,,,,,,,
1941,3257,,,,,,,,
1942,3186,,,,,,,,
1943,3211,,,,,,,,
1944,3208,,,,,,,,
1945,3233,,,,,,,,
1946,3258,,,,,,,,
1947,3283,,,,,,,,
1948,3172,,,,,,,,
1949,3183,,,,,,,,
1950,3203,,,,,,,,
1951,3212,,,,,,,,
1952,3237,,,,,,,,
1953,3262,,,,,,,,
1954,3178,,,,,,,,
1955,3188,,,,,,,,
1956,3176,,,,,,,,
1957,3191,,,,,,,,
1958,3216,,,,,,,,
1959,3213,,,,,,,,
1960,3238,,,,,,,,
1961,3263,,,,,,,,
1962,3288,,,,,,,,
1963,3256,,,,,,,,
1964,3281,,,,,,,,
1965,3306,,,,,,,,
1966,3313,,,,,,,,
1967,3339,,,,,,,,
1968,3364,,,,,,,,
1969,3389,,,,,,,,
1970,4016,,,,,,,,
1971,3189,,,,,,,,
1972,3185,,,,,,,,
1973,3251,,,,,,,,
1974,3276,,,,,,,,
1975,3301,,,,,,,,
1976,3308,,,,,,,,
1977,3334,,,,,,,,
1978,3206,,,,,,,,
1979,3359,,,,,,,,
1980,3231,,,,,,,,
1981,3384,,,,,,,,
1982,3228,,,,,,,,
1983,4011,,,,,,,,
1984,3253,,,,,,,,
1985,3184,,,,,,,,
1986,3278,,,,,,,,
1987,3180,,,,,,,,
1988,3246,,,,,,,,
1989,3271,,,,,,,,
1990,3296,,,,,,,,
1991,3303,,,,,,,,
1992,3328,,,,,,,,
1993,3182,,,,,,,,
1994,3354,,,,,,,,
1995,3193,,,,,,,,
1996,3379,,,,,,,,
1997,3181,,,,,,,,
1998,4006,,,,,,,,
1999,3222,,,,,,,,
2000,3179,,,,,,,,
2001,3247,,,,,,,,
2002,3175,,,,,,,,
2003,3272,,,,,,,,
2004,3200,,,,,,,,
2005,3201,,,,,,,,
2006,3226,,,,,,,,
2007,3217,,,,,,,,
2008,3242,,,,,,,,
2009,3223,,,,,,,,
2010,3248,,,,,,,,
2011,3273,,,,,,,,
2012,3241,,,,,,,,
2013,3266,,,,,,,,
2014,3291,,,,,,,,
2015,3298,,,,,,,,
2016,3323,,,,,,,,
2017,3349,,,,,,,,
2018,3374,,,,,,,,
2019,4001,390.0,1428515.82,1294869.53,133646.29,,,,2019-09-03T00:00:00.000Z
2020,3174,,,,,,,,
2021,3199,,,,,,,,
2022,3195,,,,,,,,
2023,3267,,,,,,,,
2024,3196,,,,,,,,
2025,3221,,,,,,,,
2026,3218,,,,,,,,
2027,3243,,,,,,,,
2028,3268,,,,,,,,
2029,3236,,,,,,,,
2030,3261,,,,,,,,
2031,3286,,,,,,,,
2032,3293,,,,,,,,
2033,3318,,,,,,,,
2034,3344,,,,,,,,
2035,3214,,,,,,,,
2036,3369,,,,,,,,
2037,3239,,,,,,,,
2038,3264,,,,,,,,
2039,3394,,,,,,,,
2040,3289,,,,,,,,
2041,4021,49267.0,176786317.62,162548238.97,14238078.65,,,,2019-09-03T00:00:00.000Z
2042,3314,,,,,,,,
2043,3194,,,,,,,,
2044,3205,,,,,,,,
2045,3190,,,,,,,,
2046,3230,,,,,,,,
2047,3204,,,,,,,,
2048,3255,,,,,,,,
2049,3229,,,,,,,,
2050,3280,,,,,,,,
2051,3254,,,,,,,,
2052,3305,,,,,,,,
2053,3279,,,,,,,,
2054,3287,,,,,,,,
2055,3304,,,,,,,,
2056,3329,,,,,,,,
2057,3311,,,,,,,,
2058,3220,,,,,,,,
2059,3219,,,,,,,,
2060,3245,,,,,,,,
2061,3244,,,,,,,,
2062,3270,,,,,,,,
2063,3295,,,,,,,,
2064,3320,,,,,,,,
2065,3316,,,,,,,,
2066,3302,,,,,,,,
2067,3224,,,,,,,,
2068,3269,,,,,,,,
2069,3249,,,,,,,,
2070,3294,,,,,,,,
2071,3274,,,,,,,,
2072,3319,,,,,,,,
2073,3299,,,,,,,,
2074,3210,,,,,,,,
2075,3324,,,,,,,,
2076,3235,,,,,,,,
2077,3215,,,,,,,,
2078,3260,,,,,,,,
2079,3240,,,,,,,,
2080,3285,,,,,,,,
2081,3265,,,,,,,,
2082,3310,,,,,,,,
2083,3290,,,,,,,,
2084,3292,,,,,,,,
2085,3315,,,,,,,,
2086,3209,,,,,,,,
2087,3234,,,,,,,,
2088,3259,,,,,,,,
2089,3284,,,,,,,,
2090,3309,,,,,,,,
2091,3335,,,,,,,,
2092,3225,,,,,,,,
2093,3250,,,,,,,,
2094,3275,,,,,,,,
2095,3300,,,,,,,,
2096,3282,,,,,,,,
2097,3297,,,,,,,,
2098,3321,,,,,,,,
2099,3326,,,,,,,,
2100,3347,,,,,,,,
2101,3352,,,,,,,,
2102,3372,,,,,,,,
2103,3377,,,,,,,,
2104,3397,,,,,,,,
2105,4004,,,,,,,,
2106,4024,,,,,,,,
2107,3340,,,,,,,,
2108,3360,,,,,,,,
2109,3365,,,,,,,,
2110,3385,,,,,,,,
2111,3390,,,,,,,,
2112,4012,457.0,3145110.51,3079543.32,65567.19,,,,2019-09-03T00:00:00.000Z
2113,4017,27590.0,33464676.55,15360258.73,18104417.82,,,,2019-09-03T00:00:00.000Z
2114,3336,,,,,,,,
2115,3341,,,,,,,,
2116,3361,,,,,,,,
2117,3366,,,,,,,,
2118,3386,,,,,,,,
2119,3391,,,,,,,,
2120,4018,,,,,,,,
2121,3322,,,,,,,,
2122,3348,,,,,,,,
2123,3373,,,,,,,,
2124,4000,182.0,1754570.75,1421006.46,333564.29,,,,2019-09-03T00:00:00.000Z
2125,4025,18273.0,41528546.57,37917812.34,3610734.23,,,,2019-09-03T00:00:00.000Z
2126,3337,,,,,,,,
2127,3362,,,,,,,,
2128,3387,,,,,,,,
2129,4014,,,,,,,,
2130,3350,,,,,,,,
2131,4013,469.0,4310797.51,4180886.62,129910.89,,,,2019-09-03T00:00:00.000Z
2132,3375,,,,,,,,
2133,3317,,,,,,,,
2134,4002,,,,,,,,
2135,3343,,,,,,,,
2136,3325,,,,,,,,
2137,3368,,,,,,,,
2138,3351,,,,,,,,
2139,3393,,,,,,,,
2140,3376,,,,,,,,
2141,4003,,,,,,,,
2142,4020,22892.0,102809877.74,95805556.1,7004321.64,,,,2019-09-03T00:00:00.000Z
2143,3307,,,,,,,,
2144,3332,,,,,,,,
2145,3358,,,,,,,,
2146,3383,,,,,,,,
2147,4010,,,,,,,,
2148,3331,,,,,,,,
2149,3342,,,,,,,,
2150,3357,,,,,,,,
2151,3367,,,,,,,,
2152,3382,,,,,,,,
2153,3392,,,,,,,,
2154,4009,,,,,,,,
2155,3345,,,,,,,,
2156,4019,10269.0,37219852.07,31042543.45,6177308.62,,,,2019-09-03T00:00:00.000Z
2157,3355,,,,,,,,
2158,3380,,,,,,,,
2159,3370,,,,,,,,
2160,4007,,,,,,,,
2161,3330,,,,,,,,
2162,3356,,,,,,,,
2163,3395,,,,,,,,
2164,3381,,,,,,,,
2165,4022,3640.0,23207247.52,21623111.95,1584135.57,,,,2019-09-03T00:00:00.000Z
2166,4008,500.0,2868196.73,2465840.29,402356.44,,,,2019-09-03T00:00:00.000Z
2167,3346,,,,,,,,
2168,3312,,,,,,,,
2169,3371,,,,,,,,
2170,3338,,,,,,,,
2171,3396,,,,,,,,
2172,3363,244.0,908559.23,368377.93,540181.3,,,,2019-09-03T00:00:00.000Z
2173,4023,2878.0,9496114.46,8829702.19,666412.27,,,,2019-09-03T00:00:00.000Z
2174,3388,,,,,,,,
2175,3327,,,,,,,,
2176,4015,,,,,,,,
2177,3353,,,,,,,,
2178,3378,,,,,,,,
2179,4005,,,,,,,,
2180,4033,,,,,,,,
2181,4048,,,,,,,,
2182,4047,,,,,,,,
2183,4026,226.0,1262644.95,1137683.84,124961.11,,,,2019-09-03T00:00:00.000Z
2184,4043,,,,,,,,
2185,4061,505.0,2522604.92,2267734.49,254870.43,,,,2019-09-03T00:00:00.000Z
2186,4086,61336.0,421687505.7,364811334.83,56876170.87,,,,2019-09-03T00:00:00.000Z
2187,4111,,,,,,,,
2188,4136,,,,,,,,
2189,4042,6416.0,16621823.6,16561667.23,60156.37,,,,2019-09-03T00:00:00.000Z
2190,4031,10230.0,55138473.82,49047945.56,6090528.26,,,,2019-09-03T00:00:00.000Z
2191,4032,,,,,,,,
2192,4046,,,,,,,,
2193,4036,,,,,,,,
2194,4071,1191.0,2784278.58,2497021.85,287256.73,,,,2019-09-03T00:00:00.000Z
2195,4037,,,,,,,,
2196,4096,,,,,,,,
2197,4051,,,,,,,,
2198,4121,,,,,,,,
2199,4076,,,,,,,,
2200,4101,771.0,3399662.3,2464696.46,934965.84,,,,2019-09-03T00:00:00.000Z
2201,4056,,,,,,,,
2202,4126,,,,,,,,
2203,4081,6663.0,18066465.05,15342803.23,2723661.82,,,,2019-09-03T00:00:00.000Z
2204,4106,,,,,,,,
2205,4131,,,,,,,,
2206,4038,,,,,,,,
2207,4041,,,,,,,,
2208,4052,266.0,942962.56,772152.24,170810.32,,,,2019-09-03T00:00:00.000Z
2209,4066,,,,,,,,
2210,4091,732.0,2592961.32,2168049.22,424912.1,,,,2019-09-03T00:00:00.000Z
2211,4116,62398.0,169205736.75,147019451.18,22186285.57,,,,2019-09-03T00:00:00.000Z
2212,4058,284.0,1727998.34,1351977.81,376020.53,,,,2019-09-03T00:00:00.000Z
2213,4141,,,,,,,,
2214,4083,,,,,,,,
2215,4068,6757.0,27791929.44,24637879.91,3154049.53,,,,2019-09-03T00:00:00.000Z
2216,4108,,,,,,,,
2217,4093,,,,,,,,
2218,4133,,,,,,,,
2219,4118,,,,,,,,
2220,4158,,,,,,,,
2221,4143,,,,,,,,
2222,4183,,,,,,,,
2223,4168,595.0,2091456.75,375239.09,1716217.66,,,,2019-09-03T00:00:00.000Z
2224,4067,,,,,,,,
2225,4193,4264.0,11373532.86,10367500.6,1006032.26,,,,2019-09-03T00:00:00.000Z
2226,4092,,,,,,,,
2227,4077,,,,,,,,
2228,4117,3663.0,15130900.23,10414680.88,4716219.35,,,,2019-09-03T00:00:00.000Z
2229,4102,,,,,,,,
2230,4045,,,,,,,,
2231,4030,25401.0,103504091.89,93779140.15,9724951.74,,,,2019-09-03T00:00:00.000Z
2232,4034,,,,,,,,
2233,4055,,,,,,,,
2234,4063,,,,,,,,
2235,4044,,,,,,,,
2236,4088,,,,,,,,
2237,4113,,,,,,,,
2238,4138,,,,,,,,
2239,4163,,,,,,,,
2240,4188,,,,,,,,
2241,4072,,,,,,,,
2242,4097,,,,,,,,
2243,4027,,,,,,,,
2244,4050,,,,,,,,
2245,4039,,,,,,,,
2246,4146,,,,,,,,
2247,4053,,,,,,,,
2248,4073,,,,,,,,
2249,4078,387.0,7115053.78,6471155.03,643898.75,,,,2019-09-03T00:00:00.000Z
2250,4098,,,,,,,,
2251,4103,,,,,,,,
2252,4123,,,,,,,,
2253,4128,,,,,,,,
2254,4148,,,,,,,,
2255,4153,,,,,,,,
2256,4173,,,,,,,,
2257,4178,,,,,,,,
2258,4057,1736.0,10409047.22,8338020.41,2071026.81,,,,2019-09-03T00:00:00.000Z
2259,4062,,,,,,,,
2260,4082,,,,,,,,
2261,4087,2970.0,15411911.44,14281595.2,1130316.24,,,,2019-09-03T00:00:00.000Z
2262,4107,,,,,,,,
2263,4112,,,,,,,,
2264,4035,,,,,,,,
2265,4040,1718.0,1335491.28,511993.98,823497.3,,,,2019-09-03T00:00:00.000Z
2266,4028,695.0,5559369.2,5303982.24,255386.96,,,,2019-09-03T00:00:00.000Z
2267,4029,1012.0,14263187.0,11522577.32,2740609.68,,,,2019-09-03T00:00:00.000Z
2268,4049,,,,,,,,
2269,4161,,,,,,,,
2270,4151,,,,,,,,
2271,4142,,,,,,,,
2272,4132,,,,,,,,
2273,4167,,,,,,,,
2274,4157,381.0,2858538.97,1616075.25,1242463.72,,,,2019-09-03T00:00:00.000Z
2275,4192,,,,,,,,
2276,4182,,,,,,,,
2277,4080,45297.0,141493695.57,118543111.68,22950583.89,,,,2019-09-03T00:00:00.000Z
2278,4070,,,,,,,,
2279,4105,,,,,,,,
2280,4095,,,,,,,,
2281,4130,,,,,,,,
2282,4120,,,,,,,,
2283,4155,,,,,,,,
2284,4145,16551.0,61848927.77,56909350.93,4939576.84,,,,2019-09-03T00:00:00.000Z
2285,4180,,,,,,,,
2286,4170,,,,,,,,
2287,4059,663.0,2455408.1,2267219.55,188188.55,,,,2019-09-03T00:00:00.000Z
2288,4195,73237.0,155438067.3,123490869.89,31947197.41,,,,2019-09-03T00:00:00.000Z
2289,4084,,,,,,,,
2290,4074,,,,,,,,
2291,4099,,,,,,,,
2292,4124,,,,,,,,
2293,4149,,,,,,,,
2294,4156,,,,,,,,
2295,4137,,,,,,,,
2296,4162,,,,,,,,
2297,4187,,,,,,,,
2298,4075,,,,,,,,
2299,4100,,,,,,,,
2300,4127,,,,,,,,
2301,4125,,,,,,,,
2302,4152,,,,,,,,
2303,4150,,,,,,,,
2304,4177,7101.0,35062955.9,28935762.88,6127193.02,,,,2019-09-03T00:00:00.000Z
2305,4175,945.0,5847689.28,4365948.0,1481741.28,,,,2019-09-03T00:00:00.000Z
2306,4065,,,,,,,,
2307,4054,,,,,,,,
2308,4079,,,,,,,,
2309,4104,,,,,,,,
2310,4129,,,,,,,,
2311,4154,,,,,,,,
2312,4122,294.0,3490150.63,1613360.14,1876790.49,,,,2019-09-03T00:00:00.000Z
2313,4147,,,,,,,,
2314,4090,,,,,,,,
2315,4172,,,,,,,,
2316,4115,,,,,,,,
2317,4060,187.0,1042290.55,810073.94,232216.61,,,,2019-09-03T00:00:00.000Z
2318,4140,,,,,,,,
2319,4165,,,,,,,,
2320,4190,,,,,,,,
2321,4085,117643.0,1012579749.02,866601465.46,145978283.56,,,,2019-09-03T00:00:00.000Z
2322,4069,,,,,,,,
2323,4110,,,,,,,,
2324,4094,,,,,,,,
2325,4119,,,,,,,,
2326,4135,,,,,,,,
2327,4144,,,,,,,,
2328,4166,,,,,,,,
2329,4160,,,,,,,,
2330,4191,,,,,,,,
2331,4185,,,,,,,,
2332,4184,,,,,,,,
2333,4064,,,,,,,,
2334,4089,105.0,421340.81,378748.8,42592.01,,,,2019-09-03T00:00:00.000Z
2335,4114,,,,,,,,
2336,4139,,,,,,,,
2337,4164,,,,,,,,
2338,4186,,,,,,,,
2339,4179,,,,,,,,
2340,4171,,,,,,,,
2341,4196,,,,,,,,
2342,4189,,,,,,,,
2343,4109,,,,,,,,
2344,4176,7377.0,22385911.89,17767131.04,4618780.85,,,,2019-09-03T00:00:00.000Z
2345,4134,,,,,,,,
2346,4169,,,,,,,,
2347,4194,,,,,,,,
2348,4159,,,,,,,,
2349,4181,,,,,,,,
2350,4174,341.0,3041132.24,2335071.08,706061.16,,,,2019-09-03T00:00:00.000Z
2351,4206,,,,,,,,
2352,4197,,,,,,,,
2353,4215,,,,,,,,
2354,4240,1538.0,12733883.73,8548934.33,4184949.4,,,,2019-09-03T00:00:00.000Z
2355,4201,,,,,,,,
2356,4221,,,,,,,,
2357,4218,,,,,,,,
2358,4235,4864.0,25097245.58,17379956.6,7717288.98,,,,2019-09-03T00:00:00.000Z
2359,4205,,,,,,,,
2360,4216,,,,,,,,
2361,4213,,,,,,,,
2362,4230,,,,,,,,
2363,4255,,,,,,,,
2364,4200,,,,,,,,
2365,4210,,,,,,,,
2366,4208,,,,,,,,
2367,4225,,,,,,,,
2368,4250,2458.0,13173843.43,10765588.81,2408254.62,,,,2019-09-03T00:00:00.000Z
2369,4212,,,,,,,,
2370,4231,,,,,,,,
2371,4260,,,,,,,,
2372,4222,4610.0,18563163.18,16100633.78,2462529.4,,,,2019-09-03T00:00:00.000Z
2373,4241,28154.0,89803712.87,77971796.97,11831915.9,,,,2019-09-03T00:00:00.000Z
2374,4266,1860.0,21144461.52,18326321.56,2818139.96,,,,2019-09-03T00:00:00.000Z
2375,4291,2261.0,10195614.19,8240163.88,1955450.31,,,,2019-09-03T00:00:00.000Z
2376,4198,,,,,,,,
2377,4233,,,,,,,,
2378,4258,,,,,,,,
2379,4202,,,,,,,,
2380,4227,148.0,1293347.34,1015897.76,277449.58,,,,2019-09-03T00:00:00.000Z
2381,4211,,,,,,,,
2382,4246,,,,,,,,
2383,4203,,,,,,,,
2384,4271,,,,,,,,
2385,4220,,,,,,,,
2386,4296,,,,,,,,
2387,4245,3304.0,18608796.05,14700160.84,3908635.21,,,,2019-09-03T00:00:00.000Z
2388,4207,,,,,,,,
2389,4256,,,,,,,,
2390,4226,256.0,1157319.71,1046550.88,110768.83,,,,2019-09-03T00:00:00.000Z
2391,4281,,,,,,,,
2392,4251,,,,,,,,
2393,4306,,,,,,,,
2394,4276,,,,,,,,
2395,4223,12949.0,57439397.63,45114985.07,12324412.56,,,,2019-09-03T00:00:00.000Z
2396,4301,,,,,,,,
2397,4248,328.0,2903899.73,2379211.71,524688.02,,,,2019-09-03T00:00:00.000Z
2398,4204,,,,,,,,
2399,4199,,,,,,,,
2400,4243,,,,,,,,
2401,4238,,,,,,,,
2402,4263,15950.0,94361628.91,74284720.15,20076908.76,,,,2019-09-03T00:00:00.000Z
2403,4217,1086.0,4083323.11,2933602.92,1149720.19,,,,2019-09-03T00:00:00.000Z
2404,4236,,,,,,,,
2405,4261,,,,,,,,
2406,4286,11647.0,39700862.51,32647472.31,7053390.2,,,,2019-09-03T00:00:00.000Z
2407,4311,,,,,,,,
2408,4228,,,,,,,,
2409,4253,,,,,,,,
2410,4265,,,,,,,,
2411,4232,,,,,,,,
2412,4242,,,,,,,,
2413,4257,,,,,,,,
2414,4267,,,,,,,,
2415,4282,,,,,,,,
2416,4292,,,,,,,,
2417,4307,,,,,,,,
2418,4317,1978.0,12527583.31,10311780.12,2215803.19,,,,2019-09-03T00:00:00.000Z
2419,4332,373149.0,1656764485.02,1243126889.94,413637595.08,,,,2019-09-03T00:00:00.000Z
2420,4342,,,,,,,,
2421,4357,6080.0,20543787.44,13584223.45,6959563.99,,,,2019-09-03T00:00:00.000Z
2422,5009,,,,,,,,
2423,4326,1579.0,5217208.76,4668384.17,548824.59,,,,2019-09-03T00:00:00.000Z
2424,4336,1665.0,12797031.45,10989550.96,1807480.49,,,,2019-09-03T00:00:00.000Z
2425,4219,,,,,,,,
2426,4229,,,,,,,,
2427,4244,,,,,,,,
2428,4254,217.0,1212227.55,1118316.44,93911.11,,,,2019-09-03T00:00:00.000Z
2429,4269,10618.0,62683456.32,45072744.7,17610711.62,,,,2019-09-03T00:00:00.000Z
2430,4279,,,,,,,,
2431,4278,,,,,,,,
2432,4288,,,,,,,,
2433,4237,391.0,439284.08,220241.9,219042.18,,,,2019-09-03T00:00:00.000Z
2434,4270,,,,,,,,
2435,4262,,,,,,,,
2436,4247,,,,,,,,
2437,4287,,,,,,,,
2438,4272,5697.0,40647560.21,34026997.09,6620563.12,,,,2019-09-03T00:00:00.000Z
2439,4312,,,,,,,,
2440,4297,593.0,2962689.95,1955548.44,1007141.51,,,,2019-09-03T00:00:00.000Z
2441,4337,774690.0,1020957793.66,712473211.17,308484582.49,,,,2019-09-03T00:00:00.000Z
2442,4322,,,,,,,,
2443,5004,,,,,,,,
2444,4347,,,,,,,,
2445,4331,469.0,2770197.73,2279644.59,490553.14,,,,2019-09-03T00:00:00.000Z
2446,4316,,,,,,,,
2447,4224,,,,,,,,
2448,4209,,,,,,,,
2449,4249,,,,,,,,
2450,4234,,,,,,,,
2451,4274,,,,,,,,
2452,4259,,,,,,,,
2453,4283,6817.0,21105530.96,17967178.06,3138352.9,,,,2019-09-03T00:00:00.000Z
2454,4268,1402.0,8141242.5,6596252.97,1544989.53,,,,2019-09-03T00:00:00.000Z
2455,4275,,,,,,,,
2456,4252,,,,,,,,
2457,4277,83010.0,776036822.5,612168474.28,163868348.22,,,,2019-09-03T00:00:00.000Z
2458,4302,,,,,,,,
2459,4327,,,,,,,,
2460,4352,,,,,,,,
2461,4321,,,,,,,,
2462,4214,,,,,,,,
2463,4239,921.0,5516103.42,4868940.89,647162.53,,,,2019-09-03T00:00:00.000Z
2464,4264,,,,,,,,
2465,4273,4949.0,42352923.65,35711175.9,6641747.75,,,,2019-09-03T00:00:00.000Z
2466,4280,1984.0,8693303.61,6904983.45,1788320.16,,,,2019-09-03T00:00:00.000Z
2467,4295,577.0,3338999.67,2421481.31,917518.36,,,,2019-09-03T00:00:00.000Z
2468,4320,,,,,,,,
2469,4305,,,,,,,,
2470,4345,,,,,,,,
2471,4330,,,,,,,,
2472,4341,3.0,9674.92,9674.92,,,,,2019-09-03T00:00:00.000Z
2473,4355,,,,,,,,
2474,5008,,,,,,,,
2475,4351,,,,,,,,
2476,4304,,,,,,,,
2477,4289,,,,,,,,
2478,4329,,,,,,,,
2479,4314,,,,,,,,
2480,4354,,,,,,,,
2481,4339,472232.0,1316363586.22,753835766.48,562527819.74,,,,2019-09-03T00:00:00.000Z
2482,4303,,,,,,,,
2483,5006,,,,,,,,
2484,4290,661.0,2598417.07,2411058.28,187358.79,,,,2019-09-03T00:00:00.000Z
2485,4313,,,,,,,,
2486,4315,,,,,,,,
2487,4338,9371.0,13643351.67,10119352.55,3523999.12,,,,2019-09-03T00:00:00.000Z
2488,4340,11701.0,44112249.83,30365387.35,13746862.48,,,,2019-09-03T00:00:00.000Z
2489,5005,,,,,,,,
2490,5007,,,,,,,,
2491,4285,28971.0,98842212.59,69249444.05,29592768.54,,,,2019-09-03T00:00:00.000Z
2492,5003,,,,,,,,
2493,4310,,,,,,,,
2494,4299,,,,,,,,
2495,4335,8891.0,40820542.17,29553477.81,11267064.36,,,,2019-09-03T00:00:00.000Z
2496,4324,,,,,,,,
2497,4349,,,,,,,,
2498,5002,,,,,,,,
2499,4298,,,,,,,,
2500,4323,,,,,,,,
2501,4300,588.0,3006480.74,2381737.69,624743.05,,,,2019-09-03T00:00:00.000Z
2502,4348,,,,,,,,
2503,4325,,,,,,,,
2504,4350,,,,,,,,
2505,4346,,,,,,,,
2506,4284,2093.0,6611177.87,5306453.19,1304724.68,,,,2019-09-03T00:00:00.000Z
2507,4309,,,,,,,,
2508,4334,,,,,,,,
2509,5001,,,,,,,,
2510,4308,,,,,,,,
2511,4333,,,,,,,,
2512,5000,,,,,,,,
2513,4356,,,,,,,,
2514,4294,321.0,631364.39,458957.44,172406.95,,,,2019-09-03T00:00:00.000Z
2515,4319,,,,,,,,
2516,4344,4417.0,17985748.57,11056365.64,6929382.93,,,,2019-09-03T00:00:00.000Z
2517,4328,,,,,,,,
2518,4293,442.0,3433359.29,1663176.79,1770182.5,,,,2019-09-03T00:00:00.000Z
2519,4318,913.0,3961671.43,3159425.67,802245.76,,,,2019-09-03T00:00:00.000Z
2520,4353,737.0,5083103.1,4189991.4,893111.7,,,,2019-09-03T00:00:00.000Z
2521,4343,,,,,,,,
2522,5010,,,,,,,,
2523,5012,,,,,,,,
2524,5021,,,,,,,,
2525,5039,,,,,,,,
2526,5022,,,,,,,,
2527,5014,,,,,,,,
2528,5064,,,,,,,,
2529,5024,,,,,,,,
2530,5089,,,,,,,,
2531,5031,,,,,,,,
2532,5114,,,,,,,,
2533,5049,,,,,,,,
2534,5074,,,,,,,,
2535,5099,,,,,,,,
2536,5124,,,,,,,,
2537,5056,,,,,,,,
2538,5081,,,,,,,,
2539,5106,,,,,,,,
2540,5131,,,,,,,,
2541,5016,,,,,,,,
2542,5034,,,,,,,,
2543,5017,,,,,,,,
2544,5059,,,,,,,,
2545,5084,,,,,,,,
2546,5109,,,,,,,,
2547,5011,,,,,,,,
2548,5019,,,,,,,,
2549,5026,,,,,,,,
2550,5044,,,,,,,,
2551,5069,,,,,,,,
2552,5094,,,,,,,,
2553,5119,,,,,,,,
2554,5051,,,,,,,,
2555,5029,,,,,,,,
2556,5036,,,,,,,,
2557,5054,,,,,,,,
2558,5079,,,,,,,,
2559,5104,,,,,,,,
2560,5129,,,,,,,,
2561,5061,,,,,,,,
2562,5086,,,,,,,,
2563,5111,,,,,,,,
2564,5027,,,,,,,,
2565,5052,,,,,,,,
2566,5077,,,,,,,,
2567,5047,,,,,,,,
2568,5072,,,,,,,,
2569,5015,,,,,,,,
2570,5018,,,,,,,,
2571,5076,,,,,,,,
2572,5046,,,,,,,,
2573,5101,,,,,,,,
2574,5071,,,,,,,,
2575,5126,,,,,,,,
2576,5096,,,,,,,,
2577,5042,,,,,,,,
2578,5121,,,,,,,,
2579,5067,,,,,,,,
2580,5037,,,,,,,,
2581,5092,,,,,,,,
2582,5062,,,,,,,,
2583,5013,,,,,,,,
2584,5087,,,,,,,,
2585,5020,,,,,,,,
2586,5030,,,,,,,,
2587,5023,,,,,,,,
2588,5041,,,,,,,,
2589,5066,,,,,,,,
2590,5091,,,,,,,,
2591,5116,,,,,,,,
2592,5032,,,,,,,,
2593,5057,,,,,,,,
2594,5082,,,,,,,,
2595,5025,,,,,,,,
2596,5028,,,,,,,,
2597,5117,,,,,,,,
2598,5112,,,,,,,,
2599,5142,,,,,,,,
2600,5137,,,,,,,,
2601,5167,,,,,,,,
2602,5162,,,,,,,,
2603,5192,,,,,,,,
2604,5187,,,,,,,,
2605,5217,,,,,,,,
2606,5212,,,,,,,,
2607,5045,,,,,,,,
2608,5040,,,,,,,,
2609,5070,,,,,,,,
2610,5065,,,,,,,,
2611,5095,,,,,,,,
2612,5090,,,,,,,,
2613,5120,,,,,,,,
2614,5115,,,,,,,,
2615,5038,,,,,,,,
2616,5033,,,,,,,,
2617,5063,,,,,,,,
2618,5107,,,,,,,,
2619,5088,,,,,,,,
2620,5132,,,,,,,,
2621,5157,,,,,,,,
2622,5182,,,,,,,,
2623,5207,,,,,,,,
2624,5035,,,,,,,,
2625,5060,,,,,,,,
2626,5085,,,,,,,,
2627,5110,,,,,,,,
2628,5135,,,,,,,,
2629,5113,,,,,,,,
2630,5053,,,,,,,,
2631,5134,,,,,,,,
2632,5078,,,,,,,,
2633,5159,,,,,,,,
2634,5103,,,,,,,,
2635,5151,,,,,,,,
2636,5128,,,,,,,,
2637,5149,,,,,,,,
2638,5141,,,,,,,,
2639,5102,,,,,,,,
2640,5127,,,,,,,,
2641,5152,,,,,,,,
2642,5058,,,,,,,,
2643,5177,,,,,,,,
2644,5202,,,,,,,,
2645,5083,,,,,,,,
2646,5227,,,,,,,,
2647,5108,,,,,,,,
2648,5055,,,,,,,,
2649,5133,,,,,,,,
2650,5080,,,,,,,,
2651,5154,,,,,,,,
2652,5105,,,,,,,,
2653,5146,,,,,,,,
2654,5130,,,,,,,,
2655,5048,,,,,,,,
2656,5073,,,,,,,,
2657,5098,,,,,,,,
2658,5123,,,,,,,,
2659,5144,,,,,,,,
2660,5136,,,,,,,,
2661,5161,,,,,,,,
2662,5097,,,,,,,,
2663,5122,,,,,,,,
2664,5147,,,,,,,,
2665,5172,,,,,,,,
2666,5197,,,,,,,,
2667,5222,,,,,,,,
2668,5050,,,,,,,,
2669,5075,,,,,,,,
2670,5100,,,,,,,,
2671,5125,,,,,,,,
2672,5043,,,,,,,,
2673,5068,,,,,,,,
2674,5093,,,,,,,,
2675,5118,,,,,,,,
2676,5139,,,,,,,,
2677,5164,,,,,,,,
2678,5156,,,,,,,,
2679,5140,,,,,,,,
2680,5145,,,,,,,,
2681,5143,,,,,,,,
2682,5148,,,,,,,,
2683,5168,,,,,,,,
2684,5173,,,,,,,,
2685,5193,,,,,,,,
2686,5198,,,,,,,,
2687,5218,,,,,,,,
2688,5223,,,,,,,,
2689,5179,,,,,,,,
2690,5184,,,,,,,,
2691,5204,,,,,,,,
2692,5209,,,,,,,,
2693,5229,,,,,,,,
2694,5166,,,,,,,,
2695,5186,,,,,,,,
2696,5191,,,,,,,,
2697,5211,,,,,,,,
2698,5216,,,,,,,,
2699,5150,,,,,,,,
2700,5153,,,,,,,,
2701,5178,,,,,,,,
2702,5203,,,,,,,,
2703,5228,,,,,,,,
2704,5189,,,,,,,,
2705,5214,,,,,,,,
2706,5171,,,,,,,,
2707,5196,,,,,,,,
2708,5221,,,,,,,,
2709,5138,,,,,,,,
2710,5163,,,,,,,,
2711,5155,,,,,,,,
2712,5188,,,,,,,,
2713,5158,,,,,,,,
2714,5213,,,,,,,,
2715,5183,,,,,,,,
2716,5174,,,,,,,,
2717,5208,,,,,,,,
2718,5199,,,,,,,,
2719,5169,,,,,,,,
2720,5224,,,,,,,,
2721,5194,,,,,,,,
2722,5181,,,,,,,,
2723,5206,,,,,,,,
2724,5219,,,,,,,,
2725,5176,,,,,,,,
2726,5201,,,,,,,,
2727,5226,,,,,,,,
2728,5180,,,,,,,,
2729,5205,,,,,,,,
2730,5170,,,,,,,,
2731,5195,,,,,,,,
2732,5175,,,,,,,,
2733,5220,,,,,,,,
2734,5200,,,,,,,,
2735,5225,,,,,,,,
2736,5160,,,,,,,,
2737,5185,,,,,,,,
2738,5210,,,,,,,,
2739,5165,,,,,,,,
2740,5190,,,,,,,,
2741,5215,,,,,,,,
2742,5230,,,,,,,,
2743,4359,,,,,,,,
2744,4360,,,,,,,,
2745,4358,,,,,,,,
2746,5232,,,,,,,,
2747,5231,,,,,,,,
2748,5234,,,,,,,,
2749,5233,,,,,,,,
2750,5235,,,,,,,,
2751,4361,,,,,,,,
2752,4362,264.0,774416.84,549705.7,224711.14,,,,2019-09-03T00:00:00.000Z
2753,5236,,,,,,,,
2754,5237,,,,,,,,
2755,4363,1165.0,3878524.6,3431775.46,446749.14,,,,2019-09-03T00:00:00.000Z
2756,4364,230.0,723486.85,399313.66,324173.19,,,,2019-09-03T00:00:00.000Z
2757,4365,252.0,1591923.18,1292943.99,298979.19,,,,2019-09-03T00:00:00.000Z
2758,4366,1009.0,12249222.73,10884695.05,1364527.68,,,,2019-09-03T00:00:00.000Z
2759,5238,,,,,,,,
2760,4367,,,,,,,,
2761,5239,,,,,,,,
2762,4369,,,,,,,,
2763,4368,,,,,,,,
2764,4371,,,,,,,,
2765,4370,,,,,,,,
2766,5240,,,,,,,,
2767,5241,,,,,,,,
2768,5242,,,,,,,,
2769,5243,,,,,,,,
2770,4373,,,,,,,,
2771,4372,,,,,,,,
2772,4374,,,,,,,,
2773,5245,,,,,,,,
2774,5244,,,,,,,,
2775,4375,,,,,,,,
2776,4376,,,,,,,,
2777,5247,,,,,,,,
2778,5246,,,,,,,,
2779,5249,,,,,,,,
2780,5248,,,,,,,,
2781,4377,5117.0,30633304.82,24161318.25,6471986.57,,,,2019-09-03T00:00:00.000Z
2782,5252,,,,,,,,
2783,5251,,,,,,,,
2784,5250,,,,,,,,
2785,5253,,,,,,,,
2786,4378,,,,,,,,
2787,4379,,,,,,,,
2788,5254,,,,,,,,
2789,5256,,,,,,,,
2790,5255,,,,,,,,
2791,5257,,,,,,,,
2792,5258,,,,,,,,
2793,5259,,,,,,,,
2794,3398,,,,,,,,
2795,4380,,,,,,,,
2796,5261,,,,,,,,
2797,5263,,,,,,,,
2798,5264,,,,,,,,
2799,5262,,,,,,,,
2800,5260,,,,,,,,
2801,4381,,,,,,,,
2802,5265,,,,,,,,
2803,4382,497.0,8051873.46,5846880.36,2204993.1,,,,2019-09-03T00:00:00.000Z
2804,5267,,,,,,,,
2805,5266,,,,,,,,
2806,4383,,,,,,,,
2807,5268,,,,,,,,
2808,5270,,,,,,,,
2809,5273,,,,,,,,
2810,5269,,,,,,,,
2811,5271,,,,,,,,
2812,5272,,,,,,,,
2813,4384,,,,,,,,
2814,4385,,,,,,,,
2815,4386,,,,,,,,
2816,3399,,,,,,,,
2817,4387,,,,,,,,
2818,5274,,,,,,,,
2819,4388,,,,,,,,
2820,4389,,,,,,,,
2821,5275,,,,,,,,
2822,4391,,,,,,,,
2823,4390,,,,,,,,
2824,3400,,,,,,,,
2825,3402,,,,,,,,
2826,4392,,,,,,,,
2827,4393,34689.0,132487768.17,108824573.41,23663194.76,,,,2019-09-03T00:00:00.000Z
2828,4394,5174.0,24336050.17,21338808.77,2997241.4,,,,2019-09-03T00:00:00.000Z
2829,5276,,,,,,,,
2830,5277,,,,,,,,
2831,4395,,,,,,,,
2832,4396,394.0,1010927.0,628323.13,382603.87,,,,2019-09-03T00:00:00.000Z
2833,4397,,,,,,,,
2834,4398,,,,,,,,
2835,4399,31373.0,145752558.08,119357779.89,26394778.19,,,,2019-09-03T00:00:00.000Z
2836,3407,,,,,,,,
2837,4401,,,,,,,,
2838,4400,5079.0,12486923.66,9783800.63,2703123.03,,,,2019-09-03T00:00:00.000Z
2839,4402,2039.0,8888541.27,7990309.67,898231.6,,,,2019-09-03T00:00:00.000Z
2840,4403,,,,,,,,
2841,3408,,,,,,,,
2842,4404,6956.0,39935544.37,22236880.35,17698664.02,,,,2019-09-03T00:00:00.000Z
2843,4405,,,,,,,,
2844,4406,,,,,,,,
2845,5279,,,,,,,,
2846,5278,,,,,,,,
2847,5280,,,,,,,,
2848,3409,,,,,,,,
2849,4407,8026.0,87661016.18,56042047.77,31618968.41,,,,2019-09-03T00:00:00.000Z
2850,4408,,,,,,,,
2851,4409,,,,,,,,
2852,3410,,,,,,,,
2853,4410,,,,,,,,
2854,4411,,,,,,,,
2855,4412,,,,,,,,
2856,4413,4311.0,24678207.52,24369112.1,309095.42,,,,2019-09-03T00:00:00.000Z
2857,4414,,,,,,,,
2858,4415,,,,,,,,
2859,4416,,,,,,,,
2860,4417,,,,,,,,
2861,4418,,,,,,,,
2862,4419,136.0,1293818.47,1027576.99,266241.48,,,,2019-09-03T00:00:00.000Z
2863,5281,,,,,,,,
2864,4420,3256.0,25862310.28,23037618.59,2824691.69,,,,2019-09-03T00:00:00.000Z
2865,4421,1733.0,14936189.88,13203762.23,1732427.65,,,,2019-09-03T00:00:00.000Z
2866,4422,,,,,,,,
2867,4423,,,,,,,,
2868,4425,,,,,,,,
2869,4424,,,,,,,,
2870,4426,,,,,,,,
2871,4428,,,,,,,,
2872,4427,,,,,,,,
2873,4429,,,,,,,,
2874,4430,,,,,,,,
2875,4432,,,,,,,,
2876,4431,,,,,,,,
2877,4433,,,,,,,,
2878,4434,,,,,,,,
2879,4436,,,,,,,,
2880,4435,,,,,,,,
2881,4437,,,,,,,,
2882,3411,,,,,,,,
2883,3412,,,,,,,,
2884,3413,,,,,,,,
2885,3414,,,,,,,,
2886,4438,2187.0,14988484.81,12834609.81,2153875.0,,,,2019-09-03T00:00:00.000Z
2887,4439,,,,,,,,
2888,4441,924.0,8805171.65,8260890.6,544281.05,,,,2019-09-03T00:00:00.000Z
2889,4440,905.0,1892790.42,1523266.04,369524.38,,,,2019-09-03T00:00:00.000Z
2890,4442,,,,,,,,
2891,4443,,,,,,,,
2892,4444,,,,,,,,
2893,4445,,,,,,,,
2894,4446,,,,,,,,
2895,4447,1595.0,4377259.5,3129753.69,1247505.81,,,,2019-09-03T00:00:00.000Z
2896,4448,,,,,,,,
2897,4449,,,,,,,,
2898,4450,,,,,,,,
2899,5282,,,,,,,,
2900,3415,,,,,,,,
2901,4451,1436.0,6642730.06,5623052.63,1019677.43,,,,2019-09-03T00:00:00.000Z
2902,4452,,,,,,,,
2903,3416,,,,,,,,
2904,4453,,,,,,,,
2905,4454,2169.0,11376601.35,9849886.17,1526715.18,,,,2019-09-03T00:00:00.000Z
2906,5283,,,,,,,,
2907,5284,,,,,,,,
2908,5286,,,,,,,,
2909,5285,,,,,,,,
2910,4455,,,,,,,,
2911,4456,,,,,,,,
2912,4457,,,,,,,,
2913,5287,,,,,,,,
2914,5288,,,,,,,,
2915,5290,,,,,,,,
2916,5289,,,,,,,,
2917,5291,,,,,,,,
2918,4458,,,,,,,,
2919,4459,,,,,,,,
2920,3417,,,,,,,,
2921,3418,,,,,,,,
2922,3419,,,,,,,,
2923,3420,,,,,,,,
2924,5292,,,,,,,,
2925,3421,,,,,,,,
2926,3422,,,,,,,,
