,disasternumber,declarationdate,incidenttype,statecode,totalnumberiaapproved,totalamountihpapproved
0,4324,2017-07-25,Tornado,OK,,
1,4300,2017-02-11,Tornado,LA,588.0,3006480.74
2,4297,2017-01-26,Tornado,GA,593.0,2962689.95
3,4295,2017-01-25,Tornado,MS,577.0,3338999.67
4,4275,2016-08-03,Tornado,MT,,
5,4205,2015-01-07,Tornado,MS,,
6,4179,2014-06-17,Tornado,NE,,
7,4117,2013-05-20,Tornado,OK,3663.0,15130900.23
8,4157,2013-11-26,Tornado,IL,381.0,2858538.97
9,1994,2011-06-15,Tornado,MA,1079.0,4904077.68
10,1943,2010-10-14,Tornado,NY,,
11,1921,2010-07-02,Tornado,MN,,
12,1834,2009-04-27,Tornado,AR,282.0,1864525.69
13,1612,2005-11-08,Tornado,IN,244.0,885607.65
14,1599,2005-08-22,Tornado,WY,77.0,474304.46
15,1484,2003-08-01,Tornado,OH,46108.0,74778371.61
16,1432,2002-09-10,Tornado,WI,,
17,1416,2002-05-21,Tornado,IL,,
18,1409,2002-05-01,Tornado,MD,,
19,1353,2000-12-29,Tornado,ND,,
20,1310,2000-01-10,Tornado,KY,,
21,1323,2000-04-07,Tornado,TX,,
22,1285,1999-08-16,Tornado,UT,,
23,1280,1999-06-09,Tornado,SD,,
24,1273,1999-05-04,Tornado,KS,,
25,1272,1999-05-04,Tornado,OK,,
26,1274,1999-05-06,Tornado,TX,,
27,3125,1998-04-22,Tornado,AR,,
28,1225,1998-06-23,Tornado,MN,,
29,1212,1998-04-01,Tornado,MN,,
30,1167,1997-03-07,Tornado,TN,,
31,1058,1995-06-26,Tornado,OK,,
32,1057,1995-06-14,Tornado,TN,,
33,1055,1995-06-13,Tornado,KY,,
34,1033,1994-07-07,Tornado,GA,,
35,1020,1994-03-31,Tornado,GA,,
36,878,1990-08-29,Tornado,IL,,
37,848,1989-11-17,Tornado,AL,,
38,837,1989-07-17,Tornado,CT,,
39,804,1987-11-30,Tornado,LA,,
40,827,1989-05-17,Tornado,NC,,
41,817,1988-11-23,Tornado,AR,,
42,819,1989-01-13,Tornado,IL,,
43,802,1987-11-20,Tornado,TX,,
44,833,1989-06-16,Tornado,LA,,
45,818,1988-12-02,Tornado,NC,,
46,814,1988-07-28,Tornado,IA,,
47,806,1987-12-17,Tornado,AR,,
48,793,1987-05-26,Tornado,TX,,
49,772,1986-09-10,Tornado,TX,,
50,763,1986-04-23,Tornado,TX,,
51,737,1985-06-03,Tornado,PA,,
52,738,1985-06-03,Tornado,OH,,
53,767,1986-06-05,Tornado,IN,,
54,700,1984-03-30,Tornado,SC,,
55,3088,1984-05-11,Tornado,AL,,
56,718,1984-07-19,Tornado,NE,,
57,3090,1984-05-15,Tornado,LA,,
58,699,1984-03-30,Tornado,NC,,
59,3089,1984-05-11,Tornado,GA,,
60,716,1984-07-03,Tornado,NE,,
61,704,1984-05-03,Tornado,OK,,
62,710,1984-06-12,Tornado,WI,,
63,703,1984-04-26,Tornado,MS,,
64,660,1982-06-05,Tornado,IL,,
65,3085,1982-04-23,Tornado,AR,,
66,625,1980-06-04,Tornado,NE,,
67,621,1980-05-16,Tornado,MI,,
68,620,1980-05-15,Tornado,MO,,
69,617,1980-04-16,Tornado,AR,,
70,3081,1980-06-13,Tornado,PA,,
71,3084,1982-04-10,Tornado,MS,,
72,655,1982-04-08,Tornado,TX,,
73,608,1979-10-04,Tornado,CT,,
74,579,1979-04-21,Tornado,MO,,
75,575,1979-04-11,Tornado,TX,,
76,590,1979-07-01,Tornado,IA,,
77,574,1979-04-11,Tornado,AR,,
78,576,1979-04-13,Tornado,OK,,
79,591,1979-07-19,Tornado,WY,,
80,3076,1979-04-06,Tornado,IA,,
81,567,1978-12-06,Tornado,LA,,
82,3063,1978-04-24,Tornado,MS,,
83,3065,1978-07-07,Tornado,ND,,
84,3064,1978-04-24,Tornado,AL,,
85,3062,1978-04-22,Tornado,AR,,
86,3054,1978-01-20,Tornado,AR,,
87,535,1977-05-07,Tornado,MO,,
88,497,1976-04-01,Tornado,OK,,
89,491,1975-12-10,Tornado,OK,,
90,498,1976-04-01,Tornado,AR,,
91,478,1975-07-25,Tornado,IL,,
92,463,1975-04-01,Tornado,AR,,
93,3007,1975-01-18,Tornado,AL,,
94,466,1975-05-03,Tornado,MO,,
95,429,1974-04-12,Tornado,MI,,
96,467,1975-05-07,Tornado,NE,,
97,431,1974-04-26,Tornado,WI,,
98,3008,1975-03-14,Tornado,GA,,
99,3006,1975-01-18,Tornado,MS,,
100,456,1975-01-30,Tornado,MS,,
101,460,1975-03-29,Tornado,GA,,
102,428,1974-04-12,Tornado,NC,,
103,462,1975-04-01,Tornado,TX,,
104,421,1974-04-04,Tornado,OH,,
105,425,1974-04-05,Tornado,GA,,
106,420,1974-04-04,Tornado,KY,,
107,427,1974-04-11,Tornado,IL,,
108,424,1974-04-04,Tornado,TN,,
109,423,1974-04-04,Tornado,IN,,
110,369,1973-03-27,Tornado,AL,,
111,422,1974-04-04,Tornado,AL,,
112,391,1973-06-11,Tornado,GA,,
113,370,1973-04-04,Tornado,GA,,
114,305,1971-05-10,Tornado,KY,,
115,302,1971-02-22,Tornado,MS,,
116,306,1971-05-18,Tornado,TN,,
117,286,1970-05-13,Tornado,TX,,
118,266,1969-07-15,Tornado,OH,,
119,227,1967-04-25,Tornado,IL,,
120,240,1968-05-29,Tornado,IA,,
121,236,1968-05-03,Tornado,AR,,
122,267,1969-07-15,Tornado,KS,,
123,242,1968-06-05,Tornado,IL,,
124,237,1968-05-04,Tornado,KY,,
125,229,1967-07-18,Tornado,KS,,
126,238,1968-05-04,Tornado,OH,,
127,239,1968-05-29,Tornado,AR,,
128,219,1966-06-10,Tornado,KS,,
129,194,1965-04-25,Tornado,IL,,
130,191,1965-04-14,Tornado,OH,,
131,189,1965-04-14,Tornado,IN,,
132,199,1965-06-19,Tornado,TX,,
133,192,1965-04-21,Tornado,WI,,
134,200,1965-06-19,Tornado,CO,,
135,190,1965-04-14,Tornado,MI,,
136,85,1958-06-06,Tornado,TX,,
137,102,1960-05-28,Tornado,AR,,
138,79,1957-06-22,Tornado,ND,,
139,75,1957-05-22,Tornado,MO,,
140,77,1957-05-29,Tornado,AR,,
141,53,1956-04-05,Tornado,MI,,
142,1,1953-05-02,Tornado,GA,,
143,34,1955-05-27,Tornado,KS,,
144,7,1953-06-11,Tornado,MA,,
145,6,1953-06-09,Tornado,MI,,
146,14,1953-12-06,Tornado,MS,,
147,54,1956-04-07,Tornado,OK,,
148,2,1953-05-15,Tornado,TX,,
149,16,1954-03-17,Tornado,GA,,
150,4,1953-06-02,Tornado,MI,,
151,987,1993-04-26,Tornado,OK,,
152,980,1993-03-04,Tornado,GA,,
153,982,1993-03-13,Tornado,FL,,
154,970,1992-12-04,Tornado,TX,,
155,968,1992-11-25,Tornado,MS,,
156,967,1992-10-17,Tornado,MS,,
157,959,1992-09-02,Tornado,WI,,
158,963,1992-09-18,Tornado,WI,,
159,969,1992-12-01,Tornado,GA,,
160,939,1992-03-20,Tornado,MS,,
161,949,1992-07-02,Tornado,TX,,
162,903,1991-04-29,Tornado,KS,,
163,905,1991-05-08,Tornado,OK,,
164,4385,2018-08-20,Tornado,CT,,
165,4419,2019-03-05,Tornado,AL,136.0,1293818.47
166,4447,2019-06-18,Tornado,OH,1595.0,4377259.5
167,1258,,,,,
168,1268,,,,,
169,1241,,,,,
170,1265,,,,,
171,1247,,,,,
172,1243,,,,,
173,1239,,,,,
174,1278,,,,,
175,1250,,,,,
176,1275,,,,,
177,1257,,,,,
178,1335,,,,,
179,1282,,,,,
180,1256,,,,,
181,1263,,,,,
182,1245,,,,,
183,1270,,,,,
184,1252,,,,,
185,1277,,,,,
186,1305,,,,,
187,1248,,,,,
188,1244,,,,,
189,1283,,,,,
190,1255,,,,,
191,1262,,,,,
192,1290,,,,,
193,1315,,,,,
194,1340,,,,,
195,1287,,,,,
196,1261,,,,,
197,1253,,,,,
198,1249,,,,,
199,1288,,,,,
200,1260,,,,,
201,1240,,,,,
202,1267,,,,,
203,1295,,,,,
204,1320,,,,,
205,1345,,,,,
206,1242,,,,,
207,1266,,,,,
208,1380,,,,,
209,1302,,,,,
210,1327,,,,,
211,1352,,,,,
212,1377,,,,,
213,1402,,,,,
214,1427,,,,,
215,1313,,,,,
216,1338,,,,,
217,1363,,,,,
218,1370,,,,,
219,1330,,,,,
220,1292,,,,,
221,1355,,,,,
222,1251,,,,,
223,1317,,,,,
224,1365,,,,,
225,1342,,,,,
226,1367,,,,,
227,1300,,,,,
228,1392,,,,,
229,1325,,,,,
230,1417,,,,,
231,1350,,,,,
232,1303,,,,,
233,1246,,,,,
234,1328,,,,,
235,1360,,,,,
236,1385,,,,,
237,1307,,,,,
238,1332,,,,,
239,1357,,,,,
240,1382,,,,,
241,1407,,,,,
242,1293,,,,,
243,1375,,,,,
244,1318,,,,,
245,1297,,,,,
246,1390,,,,,
247,1322,,,,,
248,1312,,,,,
249,1347,,,,,
250,1337,,,,,
251,1372,,,,,
252,1362,,,,,
253,1397,,,,,
254,1387,,,,,
255,1422,,,,,
256,1412,,,,,
257,1308,,,,,
258,1298,,,,,
259,1333,,,,,
260,1358,,,,,
261,1348,,,,,
262,1343,,,,,
263,1368,,,,,
264,1395,,,,,
265,1405,,,,,
266,1420,,,,,
267,1430,,,,,
268,1378,,,,,
269,1388,,,,,
270,1403,,,,,
271,1413,,,,,
272,1428,,,,,
273,1438,,,,,
274,1400,,,,,
275,1425,,,,,
276,1299,,,,,
277,1383,,,,,
278,1324,,,,,
279,1349,,,,,
280,1408,,,,,
281,1374,,,,,
282,1433,,,,,
283,1399,,,,,
284,1269,,,,,
285,1281,,,,,
286,1294,,,,,
287,1306,,,,,
288,1319,,,,,
289,1331,,,,,
290,1344,,,,,
291,1356,,,,,
292,1369,,,,,
293,1381,,,,,
294,1394,,,,,
295,1406,,,,,
296,1276,,,,,
297,1431,,,,,
298,1301,,,,,
299,1326,,,,,
300,1264,,,,,
301,1410,,,,,
302,1289,,,,,
303,1435,,,,,
304,1314,,,,,
305,1393,,,,,
306,1339,,,,,
307,1418,,,,,
308,1364,,,,,
309,1254,,,,,
310,1389,,,,,
311,1279,,,,,
312,1271,,,,,
313,1304,,,,,
314,1296,,,,,
315,1329,,,,,
316,1321,,,,,
317,1346,,,,,
318,1354,,,,,
319,1371,,,,,
320,1396,,,,,
321,1415,,,,,
322,1421,,,,,
323,1373,,,,,
324,1419,,,,,
325,1398,,,,,
326,1423,,,,,
327,1259,,,,,
328,1284,,,,,
329,1429,,,,,
330,1309,,,,,
331,1379,,,,,
332,1334,,,,,
333,1404,,,,,
334,1359,,,,,
335,1286,,,,,
336,1384,,,,,
337,1311,,,,,
338,1336,,,,,
339,1291,,,,,
340,1361,,,,,
341,1316,,,,,
342,1386,,,,,
343,1341,,,,,
344,1411,,,,,
345,1366,,,,,
346,1436,,,,,
347,1391,,,,,
348,1434,,,,,
349,1414,,,,,
350,1439,,,,19827.0,57974742.1
351,1351,,,,,
352,1376,,,,,
353,1401,,,,,
354,1426,,,,,
355,1424,,,,,
356,1437,,,,,
357,1443,,,,555.0,2028548.78
358,1465,,,,935.0,2305722.55
359,1450,,,,,
360,1460,,,,6659.0,14538920.62
361,1485,,,,1155.0,2965355.19
362,1441,,,,412.0,1880461.2
363,1453,,,,1559.0,2609145.45
364,1475,,,,2558.0,6621705.06
365,1454,,,,3451.0,9369739.03
366,1479,,,,8552.0,20213296.06
367,1451,,,,,
368,1476,,,,4409.0,13386838.38
369,1444,,,,127.0,579893.02
370,1469,,,,449.0,1644357.98
371,1440,,,,272.0,470371.72
372,1466,,,,23660.0,50014084.62
373,1464,,,,5956.0,22160601.08
374,1489,,,,,
375,1461,,,,346.0,789831.28
376,1448,,,,,
377,1445,,,,199.0,509173.67
378,1470,,,,124.0,740552.45
379,1455,,,,2200.0,5431111.2
380,1449,,,,,
381,1480,,,,,
382,1474,,,,3559.0,10877948.83
383,1459,,,,9408.0,18270709.28
384,1446,,,,20699.0,125463060.64
385,1456,,,,,
386,1471,,,,1123.0,4108811.57
387,1481,,,,,
388,1494,,,,344.0,1459279.09
389,1519,,,,15716.0,19193921.3
390,1499,,,,700.0,2735259.91
391,1486,,,,901.0,1792438.3
392,1524,,,,573.0,1396915.31
393,1511,,,,1768.0,8112928.87
394,1491,,,,29177.0,57048028.63
395,1536,,,,507.0,1465037.44
396,1516,,,,,
397,1458,,,,849.0,2242480.28
398,1541,,,,3980.0,13836392.68
399,1483,,,,,
400,1463,,,,2423.0,8779157.72
401,1508,,,,,
402,1488,,,,,
403,1505,,,,3415.0,8134432.06
404,1513,,,,273.0,749315.3
405,1530,,,,4156.0,9640959.42
406,1510,,,,,
407,1555,,,,953.0,3439214.02
408,1457,,,,,
409,1504,,,,,
410,1482,,,,19150.0,20592021.41
411,1529,,,,,
412,1509,,,,,
413,1496,,,,,
414,1534,,,,,
415,1521,,,,4176.0,5900558.36
416,1501,,,,41875.0,58083771.07
417,1526,,,,3880.0,6568870.2
418,1535,,,,,
419,1551,,,,79390.0,164517307.53
420,1560,,,,,
421,1473,,,,4499.0,9679012.66
422,1462,,,,518.0,2518800.62
423,1487,,,,2972.0,8231038.84
424,1498,,,,10588.0,33842082.4
425,1495,,,,1.0,1756.2
426,1520,,,,2432.0,5034664.25
427,1545,,,,229577.0,411815685.98
428,1447,,,,559.0,3682703.79
429,1472,,,,3219.0,7297676.37
430,1514,,,,,
431,1539,,,,116769.0,208970753.97
432,1506,,,,8084.0,25921601.38
433,1531,,,,,
434,1556,,,,6124.0,23662227.18
435,1546,,,,7790.0,21289503.58
436,1478,,,,758.0,1980992.81
437,1468,,,,,
438,1503,,,,,
439,1493,,,,701.0,953918.36
440,1500,,,,5885.0,21655767.21
441,1490,,,,25950.0,45380866.63
442,1525,,,,694.0,1558980.89
443,1515,,,,,
444,1550,,,,4531.0,8514432.84
445,1540,,,,,
446,1452,,,,,
447,1442,,,,530.0,3306085.11
448,1477,,,,,
449,1467,,,,14864.0,25872687.19
450,1492,,,,8691.0,33051507.87
451,1544,,,,3296.0,9262094.78
452,1554,,,,1305.0,4243819.01
453,1569,,,,1363.0,4210930.22
454,1579,,,,,
455,1571,,,,,
456,1581,,,,,
457,1528,,,,,
458,1570,,,,661.0,2275380.47
459,1497,,,,267.0,1009837.0
460,1507,,,,507.0,1238534.8
461,1522,,,,6234.0,19563069.34
462,1532,,,,,
463,1547,,,,,
464,1557,,,,25102.0,86766316.64
465,1572,,,,,
466,1564,,,,2198.0,2883537.86
467,1559,,,,,
468,1566,,,,4399.0,7240598.76
469,1561,,,,180826.0,398620293.65
470,1523,,,,6750.0,21878709.14
471,1580,,,,8205.0,10017388.91
472,1518,,,,3112.0,6190448.7
473,1517,,,,392.0,829908.94
474,1575,,,,,
475,1542,,,,,
476,1512,,,,1584.0,2728345.06
477,1567,,,,,
478,1537,,,,,
479,1562,,,,,
480,1549,,,,89231.0,190193142.59
481,1574,,,,,
482,1576,,,,,
483,1565,,,,536.0,1612140.93
484,1502,,,,487.0,1220484.27
485,1527,,,,35693.0,41314005.89
486,1552,,,,159978.0,416500859.48
487,1577,,,,10913.0,21484255.07
488,1543,,,,,
489,1533,,,,,
490,1568,,,,,
491,1558,,,,4835.0,19308118.5
492,1548,,,,3043.0,4252022.77
493,1538,,,,6001.0,9961967.69
494,1573,,,,9713.0,12352135.45
495,1563,,,,457.0,1785198.18
496,1553,,,,4010.0,13371728.21
497,1578,,,,,
498,1582,,,,358.0,2507569.84
499,1584,,,,,
500,1607,,,,177538.0,523284650.26
501,1594,,,,,
502,1583,,,,,
503,1597,,,,,
504,1622,,,,,
505,1609,,,,227320.0,342239388.43
506,1587,,,,1496.0,3869721.15
507,1602,,,,,
508,1589,,,,2055.0,8072710.16
509,1614,,,,1526.0,3640862.23
510,1592,,,,,
511,1617,,,,109.0,459715.15
512,1604,,,,274488.0,1293717474.49
513,1627,,,,,
514,1653,,,,325.0,542186.19
515,1678,,,,,
516,1643,,,,4418.0,8999191.49
517,1703,,,,,
518,1668,,,,1753.0,6102556.19
519,1640,,,,214.0,627043.17
520,1693,,,,1186.0,1996983.07
521,1603,,,,737609.0,5247169458.98
522,1629,,,,,
523,1593,,,,4468.0,4457183.03
524,1628,,,,2158.0,7031442.71
525,1618,,,,,
526,1632,,,,,
527,1648,,,,,
528,1673,,,,,
529,1698,,,,,
530,1634,,,,399.0,1597672.53
531,1598,,,,,
532,1623,,,,196.0,2170143.29
533,1637,,,,53.0,215839.32
534,1663,,,,,
535,1688,,,,,
536,1624,,,,164.0,1657653.02
537,1588,,,,1011.0,2514186.68
538,1613,,,,,
539,1638,,,,,
540,1658,,,,1972.0,4604303.23
541,1683,,,,,
542,1619,,,,,
543,1645,,,,,
544,1608,,,,,
545,1633,,,,515.0,1067253.81
546,1713,,,,,
547,1718,,,,1200.0,5648799.17
548,1655,,,,,
549,1660,,,,,
550,1680,,,,132.0,943028.88
551,1685,,,,268.0,862378.0
552,1710,,,,,
553,1705,,,,979.0,2518434.46
554,1730,,,,767.0,4461751.16
555,1735,,,,,
556,1659,,,,570.0,1734450.72
557,1723,,,,,
558,1684,,,,,
559,1709,,,,6103.0,25681950.62
560,1665,,,,8173.0,9121209.04
561,1734,,,,4020.0,21160441.15
562,1690,,,,201.0,916208.97
563,1605,,,,55830.0,128278244.61
564,1715,,,,,
565,1630,,,,,
566,1644,,,,581.0,1013205.06
567,1656,,,,4015.0,9412548.07
568,1669,,,,,
569,1681,,,,,
570,1694,,,,9850.0,18821508.61
571,1706,,,,,
572,1719,,,,3027.0,8012383.98
573,1731,,,,2016.0,14938068.56
574,1590,,,,,
575,1601,,,,,
576,1615,,,,,
577,1641,,,,,
578,1666,,,,,
579,1691,,,,,
580,1716,,,,,
581,1586,,,,,
582,1708,,,,572.0,2428002.26
583,1650,,,,9309.0,31528398.09
584,1675,,,,,
585,1700,,,,1443.0,2613838.46
586,1725,,,,,
587,1654,,,,,
588,1679,,,,531.0,3655288.86
589,1728,,,,,
590,1704,,,,,
591,1670,,,,937.0,2979765.22
592,1729,,,,1499.0,4468107.41
593,1695,,,,1202.0,3509042.32
594,1664,,,,2635.0,9498514.38
595,1720,,,,5495.0,18462462.78
596,1689,,,,,
597,1649,,,,8144.0,20691866.81
598,1714,,,,,
599,1585,,,,,
600,1674,,,,,
601,1610,,,,379.0,1102655.35
602,1699,,,,2777.0,9846774.22
603,1635,,,,756.0,2611696.48
604,1724,,,,2000.0,5101498.73
605,1661,,,,,
606,1595,,,,21150.0,21564056.01
607,1686,,,,313.0,1354036.12
608,1620,,,,,
609,1711,,,,2272.0,18925702.89
610,1646,,,,,
611,1736,,,,,
612,1600,,,,,
613,1671,,,,1012.0,5388213.23
614,1625,,,,,
615,1696,,,,,
616,1651,,,,5790.0,8830355.16
617,1721,,,,,
618,1676,,,,,
619,1591,,,,,
620,1701,,,,,
621,1726,,,,58.0,432005.4
622,1596,,,,,
623,1611,,,,,
624,1616,,,,,
625,1636,,,,346.0,1230390.88
626,1642,,,,8234.0,18613563.29
627,1662,,,,4211.0,12105107.36
628,1667,,,,,
629,1687,,,,352.0,1669966.27
630,1712,,,,2130.0,10969558.71
631,1621,,,,,
632,1647,,,,,
633,1606,,,,252022.0,618379758.99
634,1672,,,,,
635,1697,,,,643.0,4865458.46
636,1631,,,,441.0,1587654.75
637,1722,,,,557.0,1658875.8
638,1657,,,,,
639,1682,,,,,
640,1707,,,,,
641,1732,,,,2999.0,4922508.64
642,1692,,,,5215.0,12307474.22
643,1733,,,,1059.0,6402583.39
644,1717,,,,3853.0,19808888.8
645,1626,,,,,
646,1652,,,,,
647,1677,,,,,
648,1702,,,,3415.0,6932866.4
649,1727,,,,,
650,1747,,,,917.0,4800659.42
651,1742,,,,,
652,1737,,,,,
653,1745,,,,730.0,4069837.78
654,1767,,,,,
655,1755,,,,263.0,1261470.96
656,1751,,,,3200.0,11670465.18
657,1752,,,,,
658,1757,,,,,
659,1777,,,,,
660,1782,,,,,
661,1765,,,,,
662,1741,,,,,
663,1761,,,,1002.0,2458564.0
664,1766,,,,10278.0,56449366.63
665,1740,,,,1995.0,7674152.07
666,1762,,,,134.0,419744.26
667,1787,,,,,
668,1746,,,,210.0,1466605.44
669,1792,,,,12278.0,63878324.09
670,1817,,,,2059.0,9506708.04
671,1842,,,,1284.0,6501748.46
672,1771,,,,1752.0,10024142.17
673,1796,,,,,
674,1821,,,,,
675,1846,,,,115.0,2055904.84
676,1807,,,,,
677,1812,,,,,
678,1832,,,,977.0,2961606.39
679,1837,,,,,
680,1857,,,,927.0,4626437.19
681,1862,,,,,
682,1786,,,,71206.0,216888044.03
683,1791,,,,121641.0,531866266.34
684,1811,,,,,
685,1816,,,,,
686,1836,,,,,
687,1841,,,,3176.0,15106854.42
688,1797,,,,,
689,1750,,,,369.0,1345162.7
690,1822,,,,,
691,1772,,,,,
692,1847,,,,1241.0,5417824.37
693,1760,,,,166.0,1642832.66
694,1776,,,,,
695,1756,,,,202.0,1469127.78
696,1801,,,,,
697,1802,,,,,
698,1826,,,,,
699,1827,,,,,
700,1851,,,,,
701,1852,,,,,
702,1781,,,,,
703,1806,,,,,
704,1831,,,,705.0,3220613.51
705,1856,,,,,
706,1867,,,,,
707,1872,,,,,
708,1892,,,,,
709,1770,,,,737.0,1560229.95
710,1790,,,,,
711,1795,,,,11107.0,36905735.96
712,1754,,,,,
713,1759,,,,,
714,1779,,,,,
715,1784,,,,,
716,1804,,,,,
717,1809,,,,2105.0,6869983.55
718,1829,,,,2993.0,7862984.44
719,1854,,,,,
720,1859,,,,4429.0,22780503.01
721,1879,,,,,
722,1884,,,,,
723,1743,,,,,
724,1748,,,,,
725,1882,,,,,
726,1780,,,,13402.0,34868169.3
727,1887,,,,,
728,1744,,,,541.0,4360723.47
729,1785,,,,5383.0,19216129.55
730,1769,,,,589.0,2619379.95
731,1749,,,,3481.0,13924227.09
732,1794,,,,1966.0,7176481.13
733,1774,,,,,
734,1819,,,,,
735,1799,,,,,
736,1844,,,,,
737,1824,,,,,
738,1869,,,,,
739,1849,,,,,
740,1894,,,,14743.0,37132716.72
741,1874,,,,,
742,1738,,,,199.0,1928655.92
743,1877,,,,,
744,1775,,,,,
745,1739,,,,,
746,1764,,,,164.0,549480.66
747,1789,,,,,
748,1814,,,,698.0,3674159.05
749,1839,,,,,
750,1864,,,,,
751,1889,,,,,
752,1753,,,,250.0,1598081.52
753,1800,,,,27935.0,64635964.92
754,1805,,,,,
755,1825,,,,,
756,1830,,,,676.0,2440267.06
757,1850,,,,,
758,1855,,,,7130.0,17693443.86
759,1875,,,,,
760,1880,,,,,
761,1763,,,,24881.0,138679472.9
762,1768,,,,23956.0,56679489.87
763,1788,,,,,
764,1793,,,,,
765,1813,,,,,
766,1818,,,,,
767,1838,,,,2875.0,13905805.19
768,1843,,,,590.0,5852701.19
769,1863,,,,,
770,1868,,,,,
771,1888,,,,,
772,1893,,,,1115.0,4373420.87
773,1876,,,,,
774,1881,,,,,
775,1810,,,,486.0,3839488.88
776,1815,,,,,
777,1835,,,,453.0,2075746.91
778,1840,,,,1913.0,7382877.18
779,1860,,,,,
780,1865,,,,,
781,1885,,,,,
782,1890,,,,,
783,1778,,,,,
784,1803,,,,,
785,1828,,,,,
786,1853,,,,,
787,1878,,,,,
788,1866,,,,,
789,1891,,,,,
790,1773,,,,1089.0,5367078.69
791,1798,,,,20110.0,29999815.09
792,1820,,,,105.0,1251943.17
793,1823,,,,,
794,1845,,,,,
795,1848,,,,,
796,1873,,,,,
797,1861,,,,,
798,1870,,,,,
799,1886,,,,,
800,1758,,,,381.0,2474245.11
801,1783,,,,,
802,1808,,,,,
803,1833,,,,804.0,4420415.46
804,1858,,,,13331.0,58951222.09
805,1883,,,,,
806,1871,,,,,
807,1904,,,,2364.0,5283702.22
808,1909,,,,30169.0,169303511.72
809,1931,,,,2617.0,10259307.7
810,1934,,,,,
811,1901,,,,,
812,1916,,,,228.0,1320029.19
813,1924,,,,,
814,1899,,,,,
815,1926,,,,,
816,1929,,,,,
817,1951,,,,,
818,1976,,,,1137.0,9203306.37
819,2002,,,,,
820,1969,,,,2037.0,8587054.39
821,1906,,,,576.0,4273071.42
822,1914,,,,,
823,1936,,,,,
824,1903,,,,,
825,1939,,,,,
826,1928,,,,,
827,1961,,,,,
828,1915,,,,,
829,1986,,,,,
830,1954,,,,,
831,1896,,,,,
832,1911,,,,,
833,1919,,,,,
834,1941,,,,,
835,1944,,,,,
836,1966,,,,,
837,1991,,,,2266.0,15324105.42
838,1959,,,,,
839,1984,,,,1207.0,4799393.02
840,2010,,,,,
841,1918,,,,1511.0,5733945.27
842,1905,,,,,
843,1956,,,,,
844,1981,,,,7469.0,95754618.67
845,2007,,,,,
846,1974,,,,1954.0,8585761.3
847,1999,,,,,
848,1908,,,,301.0,1549737.37
849,1946,,,,,
850,1933,,,,23454.0,61762768.74
851,1949,,,,,
852,2012,,,,,
853,1971,,,,16375.0,77097372.06
854,1938,,,,,
855,1996,,,,2077.0,6708117.08
856,1963,,,,,
857,1964,,,,,
858,1988,,,,,
859,2014,,,,,
860,1989,,,,302.0,3441115.24
861,1925,,,,1624.0,10602928.54
862,1898,,,,,
863,1950,,,,,
864,1923,,,,,
865,1975,,,,4290.0,24279487.62
866,1910,,,,,
867,2001,,,,,
868,2027,,,,,
869,2026,,,,,
870,1953,,,,,
871,1907,,,,,
872,1978,,,,,
873,2004,,,,,
874,2022,,,,,
875,2029,,,,,
876,1948,,,,,
877,1940,,,,,
878,1973,,,,1272.0,5526673.58
879,1998,,,,777.0,4820193.95
880,2032,,,,,
881,2024,,,,,
882,1958,,,,,
883,1965,,,,,
884,1979,,,,1418.0,11386784.01
885,1990,,,,,
886,2005,,,,,
887,2016,,,,,
888,1913,,,,,
889,1897,,,,6709.0,16839844.02
890,1900,,,,,
891,2017,,,,,
892,1983,,,,1254.0,13543057.75
893,2009,,,,,
894,1920,,,,,
895,1968,,,,,
896,1945,,,,,
897,1993,,,,,
898,1970,,,,190.0,1647254.75
899,2019,,,,,
900,1995,,,,556.0,1805969.74
901,1930,,,,8652.0,26438629.85
902,2021,,,,,
903,1955,,,,,
904,1935,,,,108984.0,374795385.51
905,1902,,,,,
906,1980,,,,6437.0,37062310.48
907,2006,,,,,
908,2031,,,,,
909,1912,,,,4258.0,20784629.22
910,1960,,,,,
911,1985,,,,,
912,2011,,,,,
913,1895,,,,27602.0,58954565.86
914,1917,,,,443.0,2733258.17
915,2042,,,,,
916,2037,,,,,
917,2034,,,,,
918,2062,,,,,
919,2059,,,,,
920,2054,,,,,
921,2046,,,,,
922,2041,,,,,
923,1937,,,,,
924,1932,,,,,
925,1962,,,,,
926,1957,,,,,
927,1987,,,,,
928,1982,,,,,
929,2013,,,,,
930,2008,,,,,
931,2038,,,,,
932,2033,,,,,
933,2063,,,,,
934,2058,,,,,
935,2025,,,,,
936,2020,,,,,
937,2050,,,,,
938,2045,,,,,
939,2075,,,,,
940,2070,,,,,
941,2100,,,,,
942,2095,,,,,
943,2057,,,,,
944,2049,,,,,
945,2036,,,,,
946,1927,,,,,
947,1952,,,,,
948,1977,,,,,
949,2003,,,,,
950,2028,,,,,
951,2053,,,,,
952,2015,,,,,
953,2040,,,,,
954,2065,,,,,
955,2090,,,,,
956,2115,,,,,
957,2047,,,,,
958,2039,,,,,
959,2064,,,,,
960,2052,,,,,
961,2051,,,,,
962,2044,,,,,
963,1942,,,,1778.0,5391278.01
964,2069,,,,,
965,1967,,,,,
966,1922,,,,,
967,1992,,,,,
968,1947,,,,,
969,2018,,,,,
970,1972,,,,1962.0,10653250.32
971,2043,,,,,
972,1997,,,,,
973,2068,,,,,
974,2023,,,,,
975,2030,,,,,
976,2048,,,,,
977,2055,,,,,
978,2073,,,,,
979,2080,,,,,
980,2035,,,,,
981,2105,,,,,
982,2060,,,,,
983,2085,,,,,
984,2110,,,,,
985,2077,,,,,
986,2067,,,,,
987,2102,,,,,
988,2092,,,,,
989,2079,,,,,
990,2117,,,,,
991,2104,,,,,
992,2094,,,,,
993,2066,,,,,
994,2056,,,,,
995,2091,,,,,
996,2081,,,,,
997,2116,,,,,
998,2106,,,,,
999,2098,,,,,
1000,2088,,,,,
1001,2072,,,,,
1002,2113,,,,,
1003,2097,,,,,
1004,2082,,,,,
1005,2074,,,,,
1006,2107,,,,,
1007,2099,,,,,
1008,2084,,,,,
1009,2087,,,,,
1010,2109,,,,,
1011,2112,,,,,
1012,2071,,,,,
1013,2089,,,,,
1014,2096,,,,,
1015,2114,,,,,
1016,2078,,,,,
1017,2076,,,,,
1018,2061,,,,,
1019,2101,,,,,
1020,2086,,,,,
1021,2083,,,,,
1022,2111,,,,,
1023,2108,,,,,
1024,2093,,,,,
1025,2118,,,,,
1026,2103,,,,,
1027,2125,,,,,
1028,2132,,,,,
1029,2145,,,,,
1030,2119,,,,,
1031,2142,,,,,
1032,2136,,,,,
1033,2157,,,,,
1034,2175,,,,,
1035,2200,,,,,
1036,2225,,,,,
1037,2129,,,,,
1038,2154,,,,,
1039,2127,,,,,
1040,2140,,,,,
1041,2131,,,,,
1042,2152,,,,,
1043,2122,,,,,
1044,2135,,,,,
1045,2126,,,,,
1046,2147,,,,,
1047,2165,,,,,
1048,2190,,,,,
1049,2215,,,,,
1050,2120,,,,,
1051,2144,,,,,
1052,2169,,,,,
1053,2121,,,,,
1054,2146,,,,,
1055,2160,,,,,
1056,2185,,,,,
1057,2210,,,,,
1058,2156,,,,,
1059,2139,,,,,
1060,2164,,,,,
1061,2176,,,,,
1062,2130,,,,,
1063,2201,,,,,
1064,2226,,,,,
1065,2179,,,,,
1066,2166,,,,,
1067,2204,,,,,
1068,2191,,,,,
1069,2229,,,,,
1070,2216,,,,,
1071,2123,,,,,
1072,2241,,,,,
1073,2167,,,,,
1074,2194,,,,,
1075,2192,,,,,
1076,2219,,,,,
1077,2244,,,,,
1078,2170,,,,,
1079,2138,,,,,
1080,2195,,,,,
1081,2182,,,,,
1082,2220,,,,,
1083,2137,,,,,
1084,2124,,,,,
1085,2150,,,,,
1086,2149,,,,,
1087,2141,,,,,
1088,2161,,,,,
1089,2155,,,,,
1090,2186,,,,,
1091,2180,,,,,
1092,2211,,,,,
1093,2205,,,,,
1094,2236,,,,,
1095,2151,,,,,
1096,2189,,,,,
1097,2214,,,,,
1098,2239,,,,,
1099,2133,,,,,
1100,2177,,,,,
1101,2181,,,,,
1102,2206,,,,,
1103,2231,,,,,
1104,2184,,,,,
1105,2209,,,,,
1106,2234,,,,,
1107,2128,,,,,
1108,2172,,,,,
1109,2134,,,,,
1110,2159,,,,,
1111,2171,,,,,
1112,2196,,,,,
1113,2221,,,,,
1114,2174,,,,,
1115,2199,,,,,
1116,2224,,,,,
1117,2249,,,,,
1118,2162,,,,,
1119,2187,,,,,
1120,2256,,,,,
1121,2266,,,,,
1122,2281,,,,,
1123,2259,,,,,
1124,2274,,,,,
1125,2284,,,,,
1126,2299,,,,,
1127,2309,,,,,
1128,2324,,,,,
1129,2334,,,,,
1130,2349,,,,,
1131,2359,,,,,
1132,2143,,,,,
1133,2153,,,,,
1134,2168,,,,,
1135,2178,,,,,
1136,2193,,,,,
1137,2203,,,,,
1138,2218,,,,,
1139,2228,,,,,
1140,2243,,,,,
1141,2253,,,,,
1142,2268,,,,,
1143,2202,,,,,
1144,2217,,,,,
1145,2227,,,,,
1146,2242,,,,,
1147,2252,,,,,
1148,2267,,,,,
1149,2277,,,,,
1150,2292,,,,,
1151,2251,,,,,
1152,2276,,,,,
1153,2269,,,,,
1154,2294,,,,,
1155,2319,,,,,
1156,2344,,,,,
1157,2369,,,,,
1158,2163,,,,,
1159,2188,,,,,
1160,2213,,,,,
1161,2238,,,,,
1162,2263,,,,,
1163,2261,,,,,
1164,2212,,,,,
1165,2254,,,,,
1166,2237,,,,,
1167,2279,,,,,
1168,2262,,,,,
1169,2304,,,,,
1170,2287,,,,,
1171,2329,,,,,
1172,2246,,,,,
1173,2354,,,,,
1174,2271,,,,,
1175,2148,,,,,
1176,2264,,,,,
1177,2173,,,,,
1178,2289,,,,,
1179,2198,,,,,
1180,2314,,,,,
1181,2223,,,,,
1182,2339,,,,,
1183,2248,,,,,
1184,2364,,,,,
1185,2197,,,,,
1186,2158,,,,,
1187,2222,,,,,
1188,2183,,,,,
1189,2247,,,,,
1190,2208,,,,,
1191,2272,,,,,
1192,2233,,,,,
1193,2258,,,,,
1194,2207,,,,,
1195,2232,,,,,
1196,2257,,,,,
1197,2282,,,,,
1198,2291,,,,,
1199,2316,,,,,
1200,2341,,,,,
1201,2366,,,,,
1202,2288,,,,,
1203,2313,,,,,
1204,2338,,,,,
1205,2363,,,,,
1206,2307,,,,,
1207,2332,,,,,
1208,2357,,,,,
1209,2235,,,,,
1210,2260,,,,,
1211,2285,,,,,
1212,2310,,,,,
1213,2335,,,,,
1214,2360,,,,,
1215,2301,,,,,
1216,2326,,,,,
1217,2351,,,,,
1218,2273,,,,,
1219,2298,,,,,
1220,2323,,,,,
1221,2348,,,,,
1222,2373,,,,,
1223,2317,,,,,
1224,2342,,,,,
1225,2367,,,,,
1226,2245,,,,,
1227,2270,,,,,
1228,2295,,,,,
1229,2320,,,,,
1230,2345,,,,,
1231,2370,,,,,
1232,2296,,,,,
1233,2321,,,,,
1234,2346,,,,,
1235,2371,,,,,
1236,2293,,,,,
1237,2318,,,,,
1238,2343,,,,,
1239,2368,,,,,
1240,2312,,,,,
1241,2337,,,,,
1242,2362,,,,,
1243,2240,,,,,
1244,2265,,,,,
1245,2290,,,,,
1246,2315,,,,,
1247,2340,,,,,
1248,2365,,,,,
1249,2286,,,,,
1250,2311,,,,,
1251,2336,,,,,
1252,2361,,,,,
1253,2283,,,,,
1254,2308,,,,,
1255,2333,,,,,
1256,2358,,,,,
1257,2302,,,,,
1258,2327,,,,,
1259,2352,,,,,
1260,2230,,,,,
1261,2255,,,,,
1262,2280,,,,,
1263,2305,,,,,
1264,2330,,,,,
1265,2355,,,,,
1266,2306,,,,,
1267,2331,,,,,
1268,2356,,,,,
1269,2278,,,,,
1270,2303,,,,,
1271,2328,,,,,
1272,2353,,,,,
1273,2297,,,,,
1274,2322,,,,,
1275,2347,,,,,
1276,2372,,,,,
1277,2250,,,,,
1278,2275,,,,,
1279,2300,,,,,
1280,2325,,,,,
1281,2350,,,,,
1282,2389,,,,,
1283,2382,,,,,
1284,2388,,,,,
1285,2413,,,,,
1286,2395,,,,,
1287,2381,,,,,
1288,2406,,,,,
1289,2423,,,,,
1290,2449,,,,,
1291,2474,,,,,
1292,2499,,,,,
1293,2524,,,,,
1294,2425,,,,,
1295,2451,,,,,
1296,2476,,,,,
1297,2501,,,,,
1298,2526,,,,,
1299,2431,,,,,
1300,2457,,,,,
1301,2482,,,,,
1302,2507,,,,,
1303,2532,,,,,
1304,2557,,,,,
1305,2582,,,,,
1306,2417,,,,,
1307,2443,,,,,
1308,2468,,,,,
1309,2493,,,,,
1310,2518,,,,,
1311,2543,,,,,
1312,2568,,,,,
1313,2409,,,,,
1314,2434,,,,,
1315,2460,,,,,
1316,2485,,,,,
1317,2374,,,,,
1318,2399,,,,,
1319,2392,,,,,
1320,2398,,,,,
1321,2380,,,,,
1322,2405,,,,,
1323,2391,,,,,
1324,2416,,,,,
1325,2433,,,,,
1326,2459,,,,,
1327,2484,,,,,
1328,2509,,,,,
1329,2534,,,,,
1330,2435,,,,,
1331,2461,,,,,
1332,2486,,,,,
1333,2511,,,,,
1334,2536,,,,,
1335,2442,,,,,
1336,2467,,,,,
1337,2492,,,,,
1338,2517,,,,,
1339,2542,,,,,
1340,2567,,,,,
1341,2402,,,,,
1342,2427,,,,,
1343,2384,,,,,
1344,2377,,,,,
1345,2383,,,,,
1346,2408,,,,,
1347,2390,,,,,
1348,2375,,,,,
1349,2401,,,,,
1350,2418,,,,,
1351,2444,,,,,
1352,2469,,,,,
1353,2494,,,,,
1354,2519,,,,,
1355,2420,,,,,
1356,2446,,,,,
1357,2471,,,,,
1358,2496,,,,,
1359,2521,,,,,
1360,2426,,,,,
1361,2452,,,,,
1362,2477,,,,,
1363,2502,,,,,
1364,2527,,,,,
1365,2552,,,,,
1366,2577,,,,,
1367,2412,,,,,
1368,2437,,,,,
1369,2463,,,,,
1370,2488,,,,,
1371,2513,,,,,
1372,2538,,,,,
1373,2563,,,,,
1374,2588,,,,,
1375,2429,,,,,
1376,2455,,,,,
1377,2480,,,,,
1378,2505,,,,,
1379,2379,,,,,
1380,2404,,,,,
1381,2378,,,,,
1382,2403,,,,,
1383,2385,,,,,
1384,2410,,,,,
1385,2396,,,,,
1386,2421,,,,,
1387,2438,,,,,
1388,2464,,,,,
1389,2489,,,,,
1390,2514,,,,,
1391,2415,,,,,
1392,2441,,,,,
1393,2466,,,,,
1394,2491,,,,,
1395,2516,,,,,
1396,2541,,,,,
1397,2447,,,,,
1398,2472,,,,,
1399,2497,,,,,
1400,2522,,,,,
1401,2547,,,,,
1402,2572,,,,,
1403,2407,,,,,
1404,2432,,,,,
1405,2458,,,,,
1406,2483,,,,,
1407,2508,,,,,
1408,2533,,,,,
1409,2558,,,,,
1410,2583,,,,,
1411,2424,,,,,
1412,2450,,,,,
1413,2475,,,,,
1414,2500,,,,,
1415,2525,,,,,
1416,2550,,,,,
1417,2453,,,,,
1418,2575,,,,,
1419,2600,,,,,
1420,2478,,,,,
1421,2597,,,,,
1422,2503,,,,,
1423,2622,,,,,
1424,2528,,,,,
1425,2544,,,,,
1426,2553,,,,,
1427,2569,,,,,
1428,2578,,,,,
1429,2589,,,,,
1430,2419,,,,,
1431,2510,,,,,
1432,2614,,,,,
1433,2535,,,,,
1434,2560,,,,,
1435,2585,,,,,
1436,2610,,,,,
1437,2607,,,,,
1438,2632,,,,,
1439,2554,,,,,
1440,2546,,,,,
1441,2599,,,,,
1442,2624,,,,,
1443,2445,,,,,
1444,2394,,,,,
1445,2470,,,,,
1446,2530,,,,,
1447,2495,,,,,
1448,2555,,,,,
1449,2520,,,,,
1450,2580,,,,,
1451,2545,,,,,
1452,2605,,,,,
1453,2570,,,,,
1454,2595,,,,,
1455,2602,,,,,
1456,2592,,,,,
1457,2627,,,,,
1458,2617,,,,,
1459,2549,,,,,
1460,2539,,,,,
1461,2574,,,,,
1462,2564,,,,,
1463,2584,,,,,
1464,2609,,,,,
1465,2594,,,,,
1466,2634,,,,,
1467,2619,,,,,
1468,2387,,,,,
1469,2393,,,,,
1470,2376,,,,,
1471,2400,,,,,
1472,2386,,,,,
1473,2411,,,,,
1474,2428,,,,,
1475,2454,,,,,
1476,2479,,,,,
1477,2504,,,,,
1478,2529,,,,,
1479,2430,,,,,
1480,2456,,,,,
1481,2481,,,,,
1482,2506,,,,,
1483,2531,,,,,
1484,2436,,,,,
1485,2462,,,,,
1486,2487,,,,,
1487,2512,,,,,
1488,2537,,,,,
1489,2562,,,,,
1490,2397,,,,,
1491,2422,,,,,
1492,2448,,,,,
1493,2473,,,,,
1494,2498,,,,,
1495,2523,,,,,
1496,2548,,,,,
1497,2573,,,,,
1498,2414,,,,,
1499,2439,,,,,
1500,2465,,,,,
1501,2490,,,,,
1502,2515,,,,,
1503,2540,,,,,
1504,2565,,,,,
1505,2590,,,,,
1506,2587,,,,,
1507,2612,,,,,
1508,2637,,,,,
1509,2559,,,,,
1510,2579,,,,,
1511,2604,,,,,
1512,2629,,,,,
1513,2551,,,,,
1514,2571,,,,,
1515,2615,,,,,
1516,2635,,,,,
1517,2606,,,,,
1518,2626,,,,,
1519,2598,,,,,
1520,2618,,,,,
1521,2561,,,,,
1522,2581,,,,,
1523,2625,,,,,
1524,2596,,,,,
1525,2616,,,,,
1526,2636,,,,,
1527,2608,,,,,
1528,2628,,,,,
1529,2566,,,,,
1530,2586,,,,,
1531,2630,,,,,
1532,2601,,,,,
1533,2621,,,,,
1534,2593,,,,,
1535,2613,,,,,
1536,2633,,,,,
1537,2556,,,,,
1538,2576,,,,,
1539,2620,,,,,
1540,2591,,,,,
1541,2611,,,,,
1542,2631,,,,,
1543,2603,,,,,
1544,2623,,,,,
1545,2640,,,,,
1546,2664,,,,,
1547,2657,,,,,
1548,2644,,,,,
1549,2638,,,,,
1550,2654,,,,,
1551,2662,,,,,
1552,2647,,,,,
1553,2639,,,,,
1554,2672,,,,,
1555,2661,,,,,
1556,2646,,,,,
1557,2658,,,,,
1558,2643,,,,,
1559,2645,,,,,
1560,2668,,,,,
1561,2687,,,,,
1562,2655,,,,,
1563,2712,,,,,
1564,2697,,,,,
1565,2737,,,,,
1566,2722,,,,,
1567,2762,,,,,
1568,2747,,,,,
1569,2680,,,,,
1570,2665,,,,,
1571,2705,,,,,
1572,2690,,,,,
1573,2730,,,,,
1574,2715,,,,,
1575,2755,,,,,
1576,2740,,,,,
1577,2780,,,,,
1578,2765,,,,,
1579,2772,,,,,
1580,2790,,,,,
1581,2797,,,,,
1582,2782,,,,,
1583,2822,,,,,
1584,2807,,,,,
1585,2847,,,,,
1586,2832,,,,,
1587,2693,,,,,
1588,2857,,,,,
1589,2718,,,,,
1590,2703,,,,,
1591,2800,,,,,
1592,2728,,,,,
1593,2872,,,,,
1594,2810,,,,,
1595,2748,,,,,
1596,2882,,,,,
1597,2773,,,,,
1598,2798,,,,,
1599,2758,,,,,
1600,2823,,,,,
1601,2783,,,,,
1602,2808,,,,,
1603,2649,,,,,
1604,2642,,,,,
1605,2667,,,,,
1606,2641,,,,,
1607,2666,,,,,
1608,2663,,,,,
1609,2650,,,,,
1610,2692,,,,,
1611,2717,,,,,
1612,2742,,,,,
1613,2660,,,,,
1614,2674,,,,,
1615,2656,,,,,
1616,2653,,,,,
1617,2678,,,,,
1618,2682,,,,,
1619,2707,,,,,
1620,2732,,,,,
1621,2757,,,,,
1622,2675,,,,,
1623,2700,,,,,
1624,2725,,,,,
1625,2750,,,,,
1626,2775,,,,,
1627,2767,,,,,
1628,2792,,,,,
1629,2817,,,,,
1630,2842,,,,,
1631,2688,,,,,
1632,2713,,,,,
1633,2867,,,,,
1634,2743,,,,,
1635,2768,,,,,
1636,2793,,,,,
1637,2818,,,,,
1638,2679,,,,,
1639,2704,,,,,
1640,2729,,,,,
1641,2681,,,,,
1642,2706,,,,,
1643,2731,,,,,
1644,2825,,,,,
1645,2858,,,,,
1646,2845,,,,,
1647,2870,,,,,
1648,2878,,,,,
1649,2759,,,,,
1650,2784,,,,,
1651,2833,,,,,
1652,2694,,,,,
1653,2719,,,,,
1654,2671,,,,,
1655,2696,,,,,
1656,2721,,,,,
1657,2815,,,,,
1658,2848,,,,,
1659,2835,,,,,
1660,2860,,,,,
1661,2885,,,,,
1662,2749,,,,,
1663,2774,,,,,
1664,2684,,,,,
1665,2709,,,,,
1666,2734,,,,,
1667,2686,,,,,
1668,2711,,,,,
1669,2809,,,,,
1670,2736,,,,,
1671,2834,,,,,
1672,2830,,,,,
1673,2799,,,,,
1674,2863,,,,,
1675,2824,,,,,
1676,2850,,,,,
1677,2849,,,,,
1678,2875,,,,,
1679,2874,,,,,
1680,2883,,,,,
1681,2756,,,,,
1682,2764,,,,,
1683,2781,,,,,
1684,2789,,,,,
1685,2806,,,,,
1686,2814,,,,,
1687,2839,,,,,
1688,2864,,,,,
1689,2746,,,,,
1690,2771,,,,,
1691,2796,,,,,
1692,2685,,,,,
1693,2659,,,,,
1694,2710,,,,,
1695,2652,,,,,
1696,2735,,,,,
1697,2669,,,,,
1698,2760,,,,,
1699,2651,,,,,
1700,2785,,,,,
1701,2648,,,,,
1702,2777,,,,,
1703,2673,,,,,
1704,2802,,,,,
1705,2677,,,,,
1706,2827,,,,,
1707,2702,,,,,
1708,2852,,,,,
1709,2727,,,,,
1710,2698,,,,,
1711,2752,,,,,
1712,2723,,,,,
1713,2670,,,,,
1714,2805,,,,,
1715,2695,,,,,
1716,2877,,,,,
1717,2720,,,,,
1718,2753,,,,,
1719,2745,,,,,
1720,2778,,,,,
1721,2770,,,,,
1722,2803,,,,,
1723,2795,,,,,
1724,2828,,,,,
1725,2787,,,,,
1726,2689,,,,,
1727,2812,,,,,
1728,2714,,,,,
1729,2837,,,,,
1730,2739,,,,,
1731,2683,,,,,
1732,2691,,,,,
1733,2708,,,,,
1734,2716,,,,,
1735,2733,,,,,
1736,2741,,,,,
1737,2862,,,,,
1738,2859,,,,,
1739,2843,,,,,
1740,2868,,,,,
1741,2855,,,,,
1742,2880,,,,,
1743,2744,,,,,
1744,2769,,,,,
1745,2738,,,,,
1746,2794,,,,,
1747,2763,,,,,
1748,2884,,,,,
1749,2788,,,,,
1750,2766,,,,,
1751,2813,,,,,
1752,2791,,,,,
1753,2838,,,,,
1754,2699,,,,,
1755,2724,,,,,
1756,2836,,,,,
1757,2819,,,,,
1758,2676,,,,,
1759,2844,,,,,
1760,2701,,,,,
1761,2869,,,,,
1762,2726,,,,,
1763,2751,,,,,
1764,2820,,,,,
1765,2776,,,,,
1766,2853,,,,,
1767,2801,,,,,
1768,2840,,,,,
1769,2821,,,,,
1770,2865,,,,,
1771,2846,,,,,
1772,2873,,,,,
1773,2816,,,,,
1774,2754,,,,,
1775,2841,,,,,
1776,2779,,,,,
1777,2826,,,,,
1778,2804,,,,,
1779,2829,,,,,
1780,2854,,,,,
1781,2879,,,,,
1782,2761,,,,,
1783,2786,,,,,
1784,2811,,,,,
1785,2831,,,,,
1786,2861,,,,,
1787,2886,,,,,
1788,2851,,,,,
1789,2876,,,,,
1790,2866,,,,,
1791,2871,,,,,
1792,2856,,,,,
1793,2881,,,,,
1794,2891,,,,,
1795,2913,,,,,
1796,2923,,,,,
1797,2895,,,,,
1798,2910,,,,,
1799,2928,,,,,
1800,2953,,,,,
1801,2978,,,,,
1802,2896,,,,,
1803,2901,,,,,
1804,2916,,,,,
1805,2900,,,,,
1806,2915,,,,,
1807,2933,,,,,
1808,2958,,,,,
1809,2983,,,,,
1810,3009,,,,,
1811,2951,,,,,
1812,2976,,,,,
1813,3002,,,,,
1814,2888,,,,,
1815,2903,,,,,
1816,2911,,,,,
1817,2926,,,,,
1818,2894,,,,,
1819,2899,,,,,
1820,2943,,,,,
1821,2968,,,,,
1822,2993,,,,,
1823,2936,,,,,
1824,2961,,,,,
1825,2898,,,,,
1826,2906,,,,,
1827,2921,,,,,
1828,2889,,,,,
1829,2920,,,,,
1830,2938,,,,,
1831,2963,,,,,
1832,2988,,,,,
1833,2893,,,,,
1834,2931,,,,,
1835,2908,,,,,
1836,2956,,,,,
1837,2918,,,,,
1838,2981,,,,,
1839,2890,,,,,
1840,3004,,,,,
1841,2905,,,,,
1842,2904,,,,,
1843,2948,,,,,
1844,2973,,,,,
1845,2998,,,,,
1846,2941,,,,,
1847,2966,,,,,
1848,2991,,,,,
1849,2930,,,,,
1850,2955,,,,,
1851,2980,,,,,
1852,2945,,,,,
1853,2970,,,,,
1854,2914,,,,,
1855,2995,,,,,
1856,2939,,,,,
1857,3021,,,,,
1858,2964,,,,,
1859,2929,,,,,
1860,2989,,,,,
1861,2954,,,,,
1862,3015,,,,,
1863,2979,,,,,
1864,3034,,,,,
1865,3005,,,,,
1866,3032,,,,,
1867,3024,,,,,
1868,2907,,,,,
1869,3022,,,,,
1870,2897,,,,,
1871,2946,,,,,
1872,2971,,,,,
1873,2996,,,,,
1874,2935,,,,,
1875,2960,,,,,
1876,2985,,,,,
1877,3011,,,,,
1878,2919,,,,,
1879,2944,,,,,
1880,2969,,,,,
1881,2994,,,,,
1882,3014,,,,,
1883,3012,,,,,
1884,2887,,,,,
1885,2912,,,,,
1886,2940,,,,,
1887,2965,,,,,
1888,2986,,,,,
1889,2990,,,,,
1890,3016,,,,,
1891,2924,,,,,
1892,2949,,,,,
1893,2974,,,,,
1894,2925,,,,,
1895,2999,,,,,
1896,2950,,,,,
1897,3019,,,,,
1898,3017,,,,,
1899,2892,,,,,
1900,3026,,,,,
1901,3031,,,,,
1902,3020,,,,,
1903,3025,,,,,
1904,3049,,,,,
1905,3074,,,,,
1906,3079,,,,,
1907,3099,,,,,
1908,3104,,,,,
1909,3129,,,,,
1910,3041,,,,,
1911,3154,,,,,
1912,3039,,,,,
1913,3047,,,,,
1914,3072,,,,,
1915,3097,,,,,
1916,3114,,,,,
1917,3122,,,,,
1918,3139,,,,,
1919,3147,,,,,
1920,3164,,,,,
1921,2927,,,,,
1922,3057,,,,,
1923,2952,,,,,
1924,3082,,,,,
1925,2977,,,,,
1926,3107,,,,,
1927,3003,,,,,
1928,3132,,,,,
1929,3028,,,,,
1930,3157,,,,,
1931,2937,,,,,
1932,2962,,,,,
1933,2987,,,,,
1934,2975,,,,,
1935,3013,,,,,
1936,3001,,,,,
1937,3038,,,,,
1938,2909,,,,,
1939,2934,,,,,
1940,3046,,,,,
1941,2959,,,,,
1942,3044,,,,,
1943,2984,,,,,
1944,3069,,,,,
1945,3010,,,,,
1946,3094,,,,,
1947,3029,,,,,
1948,3119,,,,,
1949,3027,,,,,
1950,3144,,,,,
1951,2902,,,,,
1952,3037,,,,,
1953,3036,,,,,
1954,3030,,,,,
1955,3087,,,,,
1956,3059,,,,,
1957,3112,,,,,
1958,3137,,,,,
1959,3109,,,,,
1960,2917,,,,,
1961,3134,,,,,
1962,2942,,,,,
1963,3159,,,,,
1964,2967,,,,,
1965,3052,,,,,
1966,2992,,,,,
1967,3077,,,,,
1968,3018,,,,,
1969,3124,,,,,
1970,3149,,,,,
1971,3042,,,,,
1972,3067,,,,,
1973,3092,,,,,
1974,3117,,,,,
1975,3142,,,,,
1976,2922,,,,,
1977,2947,,,,,
1978,2972,,,,,
1979,2997,,,,,
1980,3023,,,,,
1981,3102,,,,,
1982,3127,,,,,
1983,3152,,,,,
1984,2932,,,,,
1985,2957,,,,,
1986,2982,,,,,
1987,3033,,,,,
1988,3061,,,,,
1989,3051,,,,,
1990,3086,,,,,
1991,3111,,,,,
1992,3101,,,,,
1993,3136,,,,,
1994,3126,,,,,
1995,3151,,,,,
1996,3056,,,,,
1997,3035,,,,,
1998,3060,,,,,
1999,3106,,,,,
2000,3131,,,,,
2001,3110,,,,,
2002,3156,,,,,
2003,3040,,,,,
2004,3071,,,,,
2005,3096,,,,,
2006,3161,,,,,
2007,3121,,,,,
2008,3045,,,,,
2009,3146,,,,,
2010,3070,,,,,
2011,3171,,,,,
2012,3095,,,,,
2013,3055,,,,,
2014,3120,,,,,
2015,3080,,,,,
2016,3145,,,,,
2017,3105,,,,,
2018,3170,,,,,
2019,3130,,,,,
2020,3048,,,,,
2021,3155,,,,,
2022,3073,,,,,
2023,3162,,,,,
2024,3098,,,,,
2025,3058,,,,,
2026,3083,,,,,
2027,3108,,,,,
2028,3133,,,,,
2029,3158,,,,,
2030,3066,,,,,
2031,3091,,,,,
2032,3116,,,,,
2033,3141,,,,,
2034,3166,,,,,
2035,3050,,,,,
2036,3075,,,,,
2037,3100,,,,,
2038,3123,,,,,
2039,3148,,,,,
2040,3150,,,,,
2041,3169,,,,,
2042,3115,,,,,
2043,3053,,,,,
2044,3140,,,,,
2045,3078,,,,,
2046,3165,,,,,
2047,3103,,,,,
2048,3043,,,,,
2049,3128,,,,,
2050,3068,,,,,
2051,3153,,,,,
2052,3093,,,,,
2053,3135,,,,,
2054,3160,,,,,
2055,3167,,,,,
2056,3118,,,,,
2057,3113,,,,,
2058,3143,,,,,
2059,3138,,,,,
2060,3163,,,,,
2061,3168,,,,,
2062,3173,,,,,
2063,3187,,,,,
2064,3198,,,,,
2065,3202,,,,,
2066,3227,,,,,
2067,3252,,,,,
2068,3277,,,,,
2069,3177,,,,,
2070,3192,,,,,
2071,3197,,,,,
2072,3207,,,,,
2073,3232,,,,,
2074,3257,,,,,
2075,3186,,,,,
2076,3211,,,,,
2077,3208,,,,,
2078,3233,,,,,
2079,3258,,,,,
2080,3283,,,,,
2081,3172,,,,,
2082,3183,,,,,
2083,3203,,,,,
2084,3212,,,,,
2085,3237,,,,,
2086,3262,,,,,
2087,3178,,,,,
2088,3188,,,,,
2089,3176,,,,,
2090,3191,,,,,
2091,3216,,,,,
2092,3213,,,,,
2093,3238,,,,,
2094,3263,,,,,
2095,3288,,,,,
2096,3256,,,,,
2097,3281,,,,,
2098,3306,,,,,
2099,3313,,,,,
2100,3339,,,,,
2101,3364,,,,,
2102,3389,,,,,
2103,4016,,,,,
2104,3189,,,,,
2105,3185,,,,,
2106,3251,,,,,
2107,3276,,,,,
2108,3301,,,,,
2109,3308,,,,,
2110,3334,,,,,
2111,3206,,,,,
2112,3359,,,,,
2113,3231,,,,,
2114,3384,,,,,
2115,3228,,,,,
2116,4011,,,,,
2117,3253,,,,,
2118,3184,,,,,
2119,3278,,,,,
2120,3180,,,,,
2121,3246,,,,,
2122,3271,,,,,
2123,3296,,,,,
2124,3303,,,,,
2125,3328,,,,,
2126,3182,,,,,
2127,3354,,,,,
2128,3193,,,,,
2129,3379,,,,,
2130,3181,,,,,
2131,4006,,,,,
2132,3222,,,,,
2133,3179,,,,,
2134,3247,,,,,
2135,3175,,,,,
2136,3272,,,,,
2137,3200,,,,,
2138,3201,,,,,
2139,3226,,,,,
2140,3217,,,,,
2141,3242,,,,,
2142,3223,,,,,
2143,3248,,,,,
2144,3273,,,,,
2145,3241,,,,,
2146,3266,,,,,
2147,3291,,,,,
2148,3298,,,,,
2149,3323,,,,,
2150,3349,,,,,
2151,3374,,,,,
2152,4001,,,,390.0,1428515.82
2153,3174,,,,,
2154,3199,,,,,
2155,3195,,,,,
2156,3267,,,,,
2157,3196,,,,,
2158,3221,,,,,
2159,3218,,,,,
2160,3243,,,,,
2161,3268,,,,,
2162,3236,,,,,
2163,3261,,,,,
2164,3286,,,,,
2165,3293,,,,,
2166,3318,,,,,
2167,3344,,,,,
2168,3214,,,,,
2169,3369,,,,,
2170,3239,,,,,
2171,3264,,,,,
2172,3394,,,,,
2173,3289,,,,,
2174,4021,,,,49267.0,176786317.62
2175,3314,,,,,
2176,3194,,,,,
2177,3205,,,,,
2178,3190,,,,,
2179,3230,,,,,
2180,3204,,,,,
2181,3255,,,,,
2182,3229,,,,,
2183,3280,,,,,
2184,3254,,,,,
2185,3305,,,,,
2186,3279,,,,,
2187,3287,,,,,
2188,3304,,,,,
2189,3329,,,,,
2190,3311,,,,,
2191,3220,,,,,
2192,3219,,,,,
2193,3245,,,,,
2194,3244,,,,,
2195,3270,,,,,
2196,3295,,,,,
2197,3320,,,,,
2198,3316,,,,,
2199,3302,,,,,
2200,3224,,,,,
2201,3269,,,,,
2202,3249,,,,,
2203,3294,,,,,
2204,3274,,,,,
2205,3319,,,,,
2206,3299,,,,,
2207,3210,,,,,
2208,3324,,,,,
2209,3235,,,,,
2210,3215,,,,,
2211,3260,,,,,
2212,3240,,,,,
2213,3285,,,,,
2214,3265,,,,,
2215,3310,,,,,
2216,3290,,,,,
2217,3292,,,,,
2218,3315,,,,,
2219,3209,,,,,
2220,3234,,,,,
2221,3259,,,,,
2222,3284,,,,,
2223,3309,,,,,
2224,3335,,,,,
2225,3225,,,,,
2226,3250,,,,,
2227,3275,,,,,
2228,3300,,,,,
2229,3282,,,,,
2230,3297,,,,,
2231,3321,,,,,
2232,3326,,,,,
2233,3347,,,,,
2234,3352,,,,,
2235,3372,,,,,
2236,3377,,,,,
2237,3397,,,,,
2238,4004,,,,,
2239,4024,,,,,
2240,3340,,,,,
2241,3360,,,,,
2242,3365,,,,,
2243,3385,,,,,
2244,3390,,,,,
2245,4012,,,,457.0,3145110.51
2246,4017,,,,27590.0,33464676.55
2247,3336,,,,,
2248,3341,,,,,
2249,3361,,,,,
2250,3366,,,,,
2251,3386,,,,,
2252,3391,,,,,
2253,4018,,,,,
2254,3322,,,,,
2255,3348,,,,,
2256,3373,,,,,
2257,4000,,,,182.0,1754570.75
2258,4025,,,,18273.0,41528546.57
2259,3337,,,,,
2260,3362,,,,,
2261,3387,,,,,
2262,4014,,,,,
2263,3350,,,,,
2264,4013,,,,469.0,4310797.51
2265,3375,,,,,
2266,3317,,,,,
2267,4002,,,,,
2268,3343,,,,,
2269,3325,,,,,
2270,3368,,,,,
2271,3351,,,,,
2272,3393,,,,,
2273,3376,,,,,
2274,4003,,,,,
2275,4020,,,,22892.0,102809877.74
2276,3307,,,,,
2277,3332,,,,,
2278,3358,,,,,
2279,3383,,,,,
2280,4010,,,,,
2281,3331,,,,,
2282,3342,,,,,
2283,3357,,,,,
2284,3367,,,,,
2285,3382,,,,,
2286,3392,,,,,
2287,4009,,,,,
2288,3345,,,,,
2289,4019,,,,10269.0,37219852.07
2290,3355,,,,,
2291,3380,,,,,
2292,3370,,,,,
2293,4007,,,,,
2294,3330,,,,,
2295,3356,,,,,
2296,3395,,,,,
2297,3381,,,,,
2298,4022,,,,3640.0,23207247.52
2299,4008,,,,500.0,2868196.73
2300,3346,,,,,
2301,3312,,,,,
2302,3371,,,,,
2303,3338,,,,,
2304,3396,,,,,
2305,3363,,,,244.0,908559.23
2306,4023,,,,2878.0,9496114.46
2307,3388,,,,,
2308,3327,,,,,
2309,4015,,,,,
2310,3353,,,,,
2311,3378,,,,,
2312,4005,,,,,
2313,4033,,,,,
2314,4048,,,,,
2315,4047,,,,,
2316,4026,,,,226.0,1262644.95
2317,4043,,,,,
2318,4061,,,,505.0,2522604.92
2319,4086,,,,61336.0,421687505.7
2320,4111,,,,,
2321,4136,,,,,
2322,4042,,,,6416.0,16621823.6
2323,4031,,,,10230.0,55138473.82
2324,4032,,,,,
2325,4046,,,,,
2326,4036,,,,,
2327,4071,,,,1191.0,2784278.58
2328,4037,,,,,
2329,4096,,,,,
2330,4051,,,,,
2331,4121,,,,,
2332,4076,,,,,
2333,4101,,,,771.0,3399662.3
2334,4056,,,,,
2335,4126,,,,,
2336,4081,,,,6663.0,18066465.05
2337,4106,,,,,
2338,4131,,,,,
2339,4038,,,,,
2340,4041,,,,,
2341,4052,,,,266.0,942962.56
2342,4066,,,,,
2343,4091,,,,732.0,2592961.32
2344,4116,,,,62398.0,169205736.75
2345,4058,,,,284.0,1727998.34
2346,4141,,,,,
2347,4083,,,,,
2348,4068,,,,6757.0,27791929.44
2349,4108,,,,,
2350,4093,,,,,
2351,4133,,,,,
2352,4118,,,,,
2353,4158,,,,,
2354,4143,,,,,
2355,4183,,,,,
2356,4168,,,,595.0,2091456.75
2357,4067,,,,,
2358,4193,,,,4264.0,11373532.86
2359,4092,,,,,
2360,4077,,,,,
2361,4102,,,,,
2362,4045,,,,,
2363,4030,,,,25401.0,103504091.89
2364,4034,,,,,
2365,4055,,,,,
2366,4063,,,,,
2367,4044,,,,,
2368,4088,,,,,
2369,4113,,,,,
2370,4138,,,,,
2371,4163,,,,,
2372,4188,,,,,
2373,4072,,,,,
2374,4097,,,,,
2375,4027,,,,,
2376,4050,,,,,
2377,4039,,,,,
2378,4146,,,,,
2379,4053,,,,,
2380,4073,,,,,
2381,4078,,,,387.0,7115053.78
2382,4098,,,,,
2383,4103,,,,,
2384,4123,,,,,
2385,4128,,,,,
2386,4148,,,,,
2387,4153,,,,,
2388,4173,,,,,
2389,4178,,,,,
2390,4057,,,,1736.0,10409047.22
2391,4062,,,,,
2392,4082,,,,,
2393,4087,,,,2970.0,15411911.44
2394,4107,,,,,
2395,4112,,,,,
2396,4035,,,,,
2397,4040,,,,1718.0,1335491.28
2398,4028,,,,695.0,5559369.2
2399,4029,,,,1012.0,14263187.0
2400,4049,,,,,
2401,4161,,,,,
2402,4151,,,,,
2403,4142,,,,,
2404,4132,,,,,
2405,4167,,,,,
2406,4192,,,,,
2407,4182,,,,,
2408,4080,,,,45297.0,141493695.57
2409,4070,,,,,
2410,4105,,,,,
2411,4095,,,,,
2412,4130,,,,,
2413,4120,,,,,
2414,4155,,,,,
2415,4145,,,,16551.0,61848927.77
2416,4180,,,,,
2417,4170,,,,,
2418,4059,,,,663.0,2455408.1
2419,4195,,,,73237.0,155438067.3
2420,4084,,,,,
2421,4074,,,,,
2422,4099,,,,,
2423,4124,,,,,
2424,4149,,,,,
2425,4156,,,,,
2426,4137,,,,,
2427,4162,,,,,
2428,4187,,,,,
2429,4075,,,,,
2430,4100,,,,,
2431,4127,,,,,
2432,4125,,,,,
2433,4152,,,,,
2434,4150,,,,,
2435,4177,,,,7101.0,35062955.9
2436,4175,,,,945.0,5847689.28
2437,4065,,,,,
2438,4054,,,,,
2439,4079,,,,,
2440,4104,,,,,
2441,4129,,,,,
2442,4154,,,,,
2443,4122,,,,294.0,3490150.63
2444,4147,,,,,
2445,4090,,,,,
2446,4172,,,,,
2447,4115,,,,,
2448,4060,,,,187.0,1042290.55
2449,4140,,,,,
2450,4165,,,,,
2451,4190,,,,,
2452,4085,,,,117643.0,1012579749.02
2453,4069,,,,,
2454,4110,,,,,
2455,4094,,,,,
2456,4119,,,,,
2457,4135,,,,,
2458,4144,,,,,
2459,4166,,,,,
2460,4160,,,,,
2461,4191,,,,,
2462,4185,,,,,
2463,4184,,,,,
2464,4064,,,,,
2465,4089,,,,105.0,421340.81
2466,4114,,,,,
2467,4139,,,,,
2468,4164,,,,,
2469,4186,,,,,
2470,4171,,,,,
2471,4196,,,,,
2472,4189,,,,,
2473,4109,,,,,
2474,4176,,,,7377.0,22385911.89
2475,4134,,,,,
2476,4169,,,,,
2477,4194,,,,,
2478,4159,,,,,
2479,4181,,,,,
2480,4174,,,,341.0,3041132.24
2481,4206,,,,,
2482,4197,,,,,
2483,4215,,,,,
2484,4240,,,,1538.0,12733883.73
2485,4201,,,,,
2486,4221,,,,,
2487,4218,,,,,
2488,4235,,,,4864.0,25097245.58
2489,4216,,,,,
2490,4213,,,,,
2491,4230,,,,,
2492,4255,,,,,
2493,4200,,,,,
2494,4210,,,,,
2495,4208,,,,,
2496,4225,,,,,
2497,4250,,,,2458.0,13173843.43
2498,4212,,,,,
2499,4231,,,,,
2500,4260,,,,,
2501,4222,,,,4610.0,18563163.18
2502,4241,,,,28154.0,89803712.87
2503,4266,,,,1860.0,21144461.52
2504,4291,,,,2261.0,10195614.19
2505,4198,,,,,
2506,4233,,,,,
2507,4258,,,,,
2508,4202,,,,,
2509,4227,,,,148.0,1293347.34
2510,4211,,,,,
2511,4246,,,,,
2512,4203,,,,,
2513,4271,,,,,
2514,4220,,,,,
2515,4296,,,,,
2516,4245,,,,3304.0,18608796.05
2517,4207,,,,,
2518,4256,,,,,
2519,4226,,,,256.0,1157319.71
2520,4281,,,,,
2521,4251,,,,,
2522,4306,,,,,
2523,4276,,,,,
2524,4223,,,,12949.0,57439397.63
2525,4301,,,,,
2526,4248,,,,328.0,2903899.73
2527,4204,,,,,
2528,4199,,,,,
2529,4243,,,,,
2530,4238,,,,,
2531,4263,,,,15950.0,94361628.91
2532,4217,,,,1086.0,4083323.11
2533,4236,,,,,
2534,4261,,,,,
2535,4286,,,,11647.0,39700862.51
2536,4311,,,,,
2537,4228,,,,,
2538,4253,,,,,
2539,4265,,,,,
2540,4232,,,,,
2541,4242,,,,,
2542,4257,,,,,
2543,4267,,,,,
2544,4282,,,,,
2545,4292,,,,,
2546,4307,,,,,
2547,4317,,,,1978.0,12527583.31
2548,4332,,,,373149.0,1656764485.02
2549,4342,,,,,
2550,4357,,,,6080.0,20543787.44
2551,5009,,,,,
2552,4326,,,,1579.0,5217208.76
2553,4336,,,,1665.0,12797031.45
2554,4219,,,,,
2555,4229,,,,,
2556,4244,,,,,
2557,4254,,,,217.0,1212227.55
2558,4269,,,,10618.0,62683456.32
2559,4279,,,,,
2560,4278,,,,,
2561,4288,,,,,
2562,4237,,,,391.0,439284.08
2563,4270,,,,,
2564,4262,,,,,
2565,4247,,,,,
2566,4287,,,,,
2567,4272,,,,5697.0,40647560.21
2568,4312,,,,,
2569,4337,,,,774690.0,1020957793.66
2570,4322,,,,,
2571,5004,,,,,
2572,4347,,,,,
2573,4331,,,,469.0,2770197.73
2574,4316,,,,,
2575,4224,,,,,
2576,4209,,,,,
2577,4249,,,,,
2578,4234,,,,,
2579,4274,,,,,
2580,4259,,,,,
2581,4283,,,,6817.0,21105530.96
2582,4268,,,,1402.0,8141242.5
2583,4252,,,,,
2584,4277,,,,83010.0,776036822.5
2585,4302,,,,,
2586,4327,,,,,
2587,4352,,,,,
2588,4321,,,,,
2589,4214,,,,,
2590,4239,,,,921.0,5516103.42
2591,4264,,,,,
2592,4273,,,,4949.0,42352923.65
2593,4280,,,,1984.0,8693303.61
2594,4320,,,,,
2595,4305,,,,,
2596,4345,,,,,
2597,4330,,,,,
2598,4341,,,,3.0,9674.92
2599,4355,,,,,
2600,5008,,,,,
2601,4351,,,,,
2602,4304,,,,,
2603,4289,,,,,
2604,4329,,,,,
2605,4314,,,,,
2606,4354,,,,,
2607,4339,,,,472232.0,1316363586.22
2608,4303,,,,,
2609,5006,,,,,
2610,4290,,,,661.0,2598417.07
2611,4313,,,,,
2612,4315,,,,,
2613,4338,,,,9371.0,13643351.67
2614,4340,,,,11701.0,44112249.83
2615,5005,,,,,
2616,5007,,,,,
2617,4285,,,,28971.0,98842212.59
2618,5003,,,,,
2619,4310,,,,,
2620,4299,,,,,
2621,4335,,,,8891.0,40820542.17
2622,4349,,,,,
2623,5002,,,,,
2624,4298,,,,,
2625,4323,,,,,
2626,4348,,,,,
2627,4325,,,,,
2628,4350,,,,,
2629,4346,,,,,
2630,4284,,,,2093.0,6611177.87
2631,4309,,,,,
2632,4334,,,,,
2633,5001,,,,,
2634,4308,,,,,
2635,4333,,,,,
2636,5000,,,,,
2637,4356,,,,,
2638,4294,,,,321.0,631364.39
2639,4319,,,,,
2640,4344,,,,4417.0,17985748.57
2641,4328,,,,,
2642,4293,,,,442.0,3433359.29
2643,4318,,,,913.0,3961671.43
2644,4353,,,,737.0,5083103.1
2645,4343,,,,,
2646,5010,,,,,
2647,5012,,,,,
2648,5021,,,,,
2649,5039,,,,,
2650,5022,,,,,
2651,5014,,,,,
2652,5064,,,,,
2653,5024,,,,,
2654,5089,,,,,
2655,5031,,,,,
2656,5114,,,,,
2657,5049,,,,,
2658,5074,,,,,
2659,5099,,,,,
2660,5124,,,,,
2661,5056,,,,,
2662,5081,,,,,
2663,5106,,,,,
2664,5131,,,,,
2665,5016,,,,,
2666,5034,,,,,
2667,5017,,,,,
2668,5059,,,,,
2669,5084,,,,,
2670,5109,,,,,
2671,5011,,,,,
2672,5019,,,,,
2673,5026,,,,,
2674,5044,,,,,
2675,5069,,,,,
2676,5094,,,,,
2677,5119,,,,,
2678,5051,,,,,
2679,5029,,,,,
2680,5036,,,,,
2681,5054,,,,,
2682,5079,,,,,
2683,5104,,,,,
2684,5129,,,,,
2685,5061,,,,,
2686,5086,,,,,
2687,5111,,,,,
2688,5027,,,,,
2689,5052,,,,,
2690,5077,,,,,
2691,5047,,,,,
2692,5072,,,,,
2693,5015,,,,,
2694,5018,,,,,
2695,5076,,,,,
2696,5046,,,,,
2697,5101,,,,,
2698,5071,,,,,
2699,5126,,,,,
2700,5096,,,,,
2701,5042,,,,,
2702,5121,,,,,
2703,5067,,,,,
2704,5037,,,,,
2705,5092,,,,,
2706,5062,,,,,
2707,5013,,,,,
2708,5087,,,,,
2709,5020,,,,,
2710,5030,,,,,
2711,5023,,,,,
2712,5041,,,,,
2713,5066,,,,,
2714,5091,,,,,
2715,5116,,,,,
2716,5032,,,,,
2717,5057,,,,,
2718,5082,,,,,
2719,5025,,,,,
2720,5028,,,,,
2721,5117,,,,,
2722,5112,,,,,
2723,5142,,,,,
2724,5137,,,,,
2725,5167,,,,,
2726,5162,,,,,
2727,5192,,,,,
2728,5187,,,,,
2729,5217,,,,,
2730,5212,,,,,
2731,5045,,,,,
2732,5040,,,,,
2733,5070,,,,,
2734,5065,,,,,
2735,5095,,,,,
2736,5090,,,,,
2737,5120,,,,,
2738,5115,,,,,
2739,5038,,,,,
2740,5033,,,,,
2741,5063,,,,,
2742,5107,,,,,
2743,5088,,,,,
2744,5132,,,,,
2745,5157,,,,,
2746,5182,,,,,
2747,5207,,,,,
2748,5035,,,,,
2749,5060,,,,,
2750,5085,,,,,
2751,5110,,,,,
2752,5135,,,,,
2753,5113,,,,,
2754,5053,,,,,
2755,5134,,,,,
2756,5078,,,,,
2757,5159,,,,,
2758,5103,,,,,
2759,5151,,,,,
2760,5128,,,,,
2761,5149,,,,,
2762,5141,,,,,
2763,5102,,,,,
2764,5127,,,,,
2765,5152,,,,,
2766,5058,,,,,
2767,5177,,,,,
2768,5202,,,,,
2769,5083,,,,,
2770,5227,,,,,
2771,5108,,,,,
2772,5055,,,,,
2773,5133,,,,,
2774,5080,,,,,
2775,5154,,,,,
2776,5105,,,,,
2777,5146,,,,,
2778,5130,,,,,
2779,5048,,,,,
2780,5073,,,,,
2781,5098,,,,,
2782,5123,,,,,
2783,5144,,,,,
2784,5136,,,,,
2785,5161,,,,,
2786,5097,,,,,
2787,5122,,,,,
2788,5147,,,,,
2789,5172,,,,,
2790,5197,,,,,
2791,5222,,,,,
2792,5050,,,,,
2793,5075,,,,,
2794,5100,,,,,
2795,5125,,,,,
2796,5043,,,,,
2797,5068,,,,,
2798,5093,,,,,
2799,5118,,,,,
2800,5139,,,,,
2801,5164,,,,,
2802,5156,,,,,
2803,5140,,,,,
2804,5145,,,,,
2805,5143,,,,,
2806,5148,,,,,
2807,5168,,,,,
2808,5173,,,,,
2809,5193,,,,,
2810,5198,,,,,
2811,5218,,,,,
2812,5223,,,,,
2813,5179,,,,,
2814,5184,,,,,
2815,5204,,,,,
2816,5209,,,,,
2817,5229,,,,,
2818,5166,,,,,
2819,5186,,,,,
2820,5191,,,,,
2821,5211,,,,,
2822,5216,,,,,
2823,5150,,,,,
2824,5153,,,,,
2825,5178,,,,,
2826,5203,,,,,
2827,5228,,,,,
2828,5189,,,,,
2829,5214,,,,,
2830,5171,,,,,
2831,5196,,,,,
2832,5221,,,,,
2833,5138,,,,,
2834,5163,,,,,
2835,5155,,,,,
2836,5188,,,,,
2837,5158,,,,,
2838,5213,,,,,
2839,5183,,,,,
2840,5174,,,,,
2841,5208,,,,,
2842,5199,,,,,
2843,5169,,,,,
2844,5224,,,,,
2845,5194,,,,,
2846,5181,,,,,
2847,5206,,,,,
2848,5219,,,,,
2849,5176,,,,,
2850,5201,,,,,
2851,5226,,,,,
2852,5180,,,,,
2853,5205,,,,,
2854,5170,,,,,
2855,5195,,,,,
2856,5175,,,,,
2857,5220,,,,,
2858,5200,,,,,
2859,5225,,,,,
2860,5160,,,,,
2861,5185,,,,,
2862,5210,,,,,
2863,5165,,,,,
2864,5190,,,,,
2865,5215,,,,,
2866,5230,,,,,
2867,4359,,,,,
2868,4360,,,,,
2869,4358,,,,,
2870,5232,,,,,
2871,5231,,,,,
2872,5234,,,,,
2873,5233,,,,,
2874,5235,,,,,
2875,4361,,,,,
2876,4362,,,,264.0,774416.84
2877,5236,,,,,
2878,5237,,,,,
2879,4363,,,,1165.0,3878524.6
2880,4364,,,,230.0,723486.85
2881,4365,,,,252.0,1591923.18
2882,4366,,,,1009.0,12249222.73
2883,5238,,,,,
2884,4367,,,,,
2885,5239,,,,,
2886,4369,,,,,
2887,4368,,,,,
2888,4371,,,,,
2889,4370,,,,,
2890,5240,,,,,
2891,5241,,,,,
2892,5242,,,,,
2893,5243,,,,,
2894,4373,,,,,
2895,4372,,,,,
2896,4374,,,,,
2897,5245,,,,,
2898,5244,,,,,
2899,4375,,,,,
2900,4376,,,,,
2901,5247,,,,,
2902,5246,,,,,
2903,5249,,,,,
2904,5248,,,,,
2905,4377,,,,5117.0,30633304.82
2906,5252,,,,,
2907,5251,,,,,
2908,5250,,,,,
2909,5253,,,,,
2910,4378,,,,,
2911,4379,,,,,
2912,5254,,,,,
2913,5256,,,,,
2914,5255,,,,,
2915,5257,,,,,
2916,5258,,,,,
2917,5259,,,,,
2918,3398,,,,,
2919,4380,,,,,
2920,5261,,,,,
2921,5263,,,,,
2922,5264,,,,,
2923,5262,,,,,
2924,5260,,,,,
2925,4381,,,,,
2926,5265,,,,,
2927,4382,,,,497.0,8051873.46
2928,5267,,,,,
2929,5266,,,,,
2930,4383,,,,,
2931,5268,,,,,
2932,5270,,,,,
2933,5273,,,,,
2934,5269,,,,,
2935,5271,,,,,
2936,5272,,,,,
2937,4384,,,,,
2938,4386,,,,,
2939,3399,,,,,
2940,4387,,,,,
2941,5274,,,,,
2942,4388,,,,,
2943,4389,,,,,
2944,5275,,,,,
2945,4391,,,,,
2946,4390,,,,,
2947,3400,,,,,
2948,3402,,,,,
2949,4392,,,,,
2950,4393,,,,34689.0,132487768.17
2951,4394,,,,5174.0,24336050.17
2952,5276,,,,,
2953,5277,,,,,
2954,4395,,,,,
2955,4396,,,,394.0,1010927.0
2956,4397,,,,,
2957,4398,,,,,
2958,4399,,,,31373.0,145752558.08
2959,3407,,,,,
2960,4401,,,,,
2961,4400,,,,5079.0,12486923.66
2962,4402,,,,2039.0,8888541.27
2963,4403,,,,,
2964,3408,,,,,
2965,4404,,,,6956.0,39935544.37
2966,4405,,,,,
2967,4406,,,,,
2968,5279,,,,,
2969,5278,,,,,
2970,5280,,,,,
2971,3409,,,,,
2972,4407,,,,8026.0,87661016.18
2973,4408,,,,,
2974,4409,,,,,
2975,3410,,,,,
2976,4410,,,,,
2977,4411,,,,,
2978,4412,,,,,
2979,4413,,,,4311.0,24678207.52
2980,4414,,,,,
2981,4415,,,,,
2982,4416,,,,,
2983,4417,,,,,
2984,4418,,,,,
2985,5281,,,,,
2986,4420,,,,3256.0,25862310.28
2987,4421,,,,1733.0,14936189.88
2988,4422,,,,,
2989,4423,,,,,
2990,4425,,,,,
2991,4424,,,,,
2992,4426,,,,,
2993,4428,,,,,
2994,4427,,,,,
2995,4429,,,,,
2996,4430,,,,,
2997,4432,,,,,
2998,4431,,,,,
2999,4433,,,,,
3000,4434,,,,,
3001,4436,,,,,
3002,4435,,,,,
3003,4437,,,,,
3004,3411,,,,,
3005,3412,,,,,
3006,3413,,,,,
3007,3414,,,,,
3008,4438,,,,2187.0,14988484.81
3009,4439,,,,,
3010,4441,,,,924.0,8805171.65
3011,4440,,,,905.0,1892790.42
3012,4442,,,,,
3013,4443,,,,,
3014,4444,,,,,
3015,4445,,,,,
3016,4446,,,,,
3017,4448,,,,,
3018,4449,,,,,
3019,4450,,,,,
3020,5282,,,,,
3021,3415,,,,,
3022,4451,,,,1436.0,6642730.06
3023,4452,,,,,
3024,3416,,,,,
3025,4453,,,,,
3026,4454,,,,2169.0,11376601.35
3027,5283,,,,,
3028,5284,,,,,
3029,5286,,,,,
3030,5285,,,,,
3031,4455,,,,,
3032,4456,,,,,
3033,4457,,,,,
3034,5287,,,,,
3035,5288,,,,,
3036,5290,,,,,
3037,5289,,,,,
3038,5291,,,,,
3039,4458,,,,,
3040,4459,,,,,
3041,3417,,,,,
3042,3418,,,,,
3043,3419,,,,,
3044,3420,,,,,
3045,5292,,,,,
3046,3421,,,,,
3047,3422,,,,,
